Workbook

Sheet Info
A1: Work Order: | H1: =Switches!AK2 -> 0 | I1: =Switches!AL2 -> 0 | J1: Gage Blocks | M1: =Switches!AM2 -> 0 | N1: =Switches!AN2 -> 0 | O1: =Switches!AO2 -> 0 | P1: =Switches!AP2 -> 0 | Q1: =Switches!AQ2 -> 0 | AA1: ISO Length Recommendation Table
A2: Customer: | H2: =IF(Switches!BD3=2,ROUNDUP(B16*0.25,0),IF(Switches!BD3=3,ROUNDUP(B16*0.25,0),"N/A")) -> N/A | I2: =IF(Switches!BD3=3,ROUNDUP(B16*0.6,0),"N/A") -> N/A | J2: Size | K2: S/N | L2: Set | M2: =IF(Switches!$BD3=4,AB2,"N/A") -> N/A | N2: =IF(Switches!$BD3=4,AC2,"N/A") -> N/A | O2: =IF(Switches!$BD3=4,AD2,"N/A") -> N/A | P2: =IF(Switches!$BD3=4,AE2,"N/A") -> N/A | Q2: =IF(Switches!$BD3=4,AF2,"N/A") -> N/A | AA2: =B16 -> #N/A | AB2: =VLOOKUP(AA2,AA3:AF201,2,FALSE) -> #N/A | AC2: =VLOOKUP(AA2,AA3:AF201,3,FALSE) -> #N/A | AD2: =VLOOKUP(AA2,AA3:AF201,4,FALSE) -> #N/A | AE2: =VLOOKUP(AA2,AA3:AF201,5,FALSE) -> #N/A | AF2: =VLOOKUP(AA2,AA3:AF201,6,FALSE) -> #N/A
A3: Address Line 1: | B3: [Optional - does not appear on data sheets] | J3: =Standards!C23 -> 1 | K3: =Standards!B23 -> 99811 | L3: =Standards!I23 -> Set 6 | AA3: 12 | AB3: 1 | AC3: 2 | AD3: 4 | AE3: 6 | AF3: 8
A4: Address Line 2: | B4: [Optional - does not appear on data sheets] | J4: =Standards!C24 -> 2 | K4: =Standards!B24 -> 12077 | L4: =Standards!I24 -> Set 6 | AA4: =AA3+1 -> 13 | AB4: =AB5 -> 2 | AC4: =AC5 -> 4 | AD4: =AD5 -> 6 | AE4: =AE5 -> 8 | AF4: =AF5 -> 10
A5: Date Tested: | C5: Date Due: | D5: =DATE(YEAR(B5)+Switches!V4,MONTH(B5)+Switches!V3,DAY(B5)) -> 366 | J5: =Standards!C25 -> 3 | K5: =Standards!B25 -> F621 | L5: =Standards!I25 -> Set 6 | AA5: =AA4+1 -> 14 | AB5: =AB6 -> 2 | AC5: =AC6 -> 4 | AD5: =AD6 -> 6 | AE5: =AE6 -> 8 | AF5: =AF6 -> 10
A6: Inspector: | F6: Set 6 | J6: =Standards!C26 -> 4 | K6: =Standards!B26 -> ML-1B | L6: =Standards!I26 -> Set 6 | AA6: 15 | AB6: 2 | AC6: 4 | AD6: 6 | AE6: 8 | AF6: 10
A7: Location: | F7: =IF(AND(Switches!AI37=TRUE,Switches!AK37=TRUE),"Past Due!",IF(Switches!AI37=TRUE,"Active","N/A")) -> N/A | J7: =Standards!C27 -> 8 | K7: =Standards!B27 -> 13015 | L7: =Standards!I27 -> Set 6 | AA7: =AA6+1 -> 16 | AB7: =AB8 -> 4 | AC7: =AC8 -> 6 | AD7: =AD8 -> 8 | AE7: =AE8 -> 10 | AF7: =AF8 -> 12
A8: Serial Number: | J8: =Standards!C28 -> 12 | K8: =Standards!B28 -> 12002 | L8: =Standards!I28 -> Set 6 | AA8: =AA7+1 -> 17 | AB8: =AB9 -> 4 | AC8: =AC9 -> 6 | AD8: =AD9 -> 8 | AE8: =AE9 -> 10 | AF8: =AF9 -> 12
A9: Unit Number: | J9: =Standards!C29 -> 16 | K9: =Standards!B29 -> C259 | L9: =Standards!I29 -> Set 6 | AA9: 18 | AB9: 4 | AC9: 6 | AD9: 8 | AE9: 10 | AF9: 12
A10: Resolution: | B10: 1e-05 | J10: =Standards!C30 -> 20 | K10: =Standards!B30 -> 23023 | L10: =Standards!I30 -> Set 6 | AA10: =AA9+1 -> 19 | AB10: =AB11 -> 4 | AC10: =AC11 -> 6 | AD10: =AD11 -> 10 | AE10: =AE11 -> 12 | AF10: =AF11 -> 16
A11: Software: | B11: [Optional] | J11: =Standards!C2 -> 1 | K11: =Standards!B2 -> 15026 | L11: =Standards!I2 -> Set 11 | AA11: =AA10+1 -> 20 | AB11: =AB12 -> 4 | AC11: =AC12 -> 6 | AD11: =AD12 -> 10 | AE11: =AE12 -> 12 | AF11: =AF12 -> 16
A12: Software Version: | B12: [Optional] | C12: Machine information can be input manually if it is not in the database | J12: =Standards!C3 -> 2 | K12: =Standards!B3 -> 92278 | L12: =Standards!I3 -> Set 11 | AA12: =AA11+1 -> 21 | AB12: =AB13 -> 4 | AC12: =AC13 -> 6 | AD12: =AD13 -> 10 | AE12: =AE13 -> 12 | AF12: =AF13 -> 16
A13: Manufacturer | B13: =VLOOKUP(Switches!$G$2,Table1[[ID'#]:[End]],9,FALSE) -> #N/A | F13: =Switches!G2 -> 10101 | J13: =Standards!C4 -> 4 | K13: =Standards!B4 -> 87159 | L13: =Standards!I4 -> Set 11 | AA13: =AA12+1 -> 22 | AB13: =AB14 -> 4 | AC13: =AC14 -> 6 | AD13: =AD14 -> 10 | AE13: =AE14 -> 12 | AF13: =AF14 -> 16
A14: Model: | B14: =VLOOKUP(Switches!$G$2,Table1[[ID'#]:[End]],7,FALSE) -> #N/A | D14: =B13&" "&B14 -> #N/A | J14: =Standards!C5 -> 5 | K14: =Standards!B5 -> 97087 | L14: =Standards!I5 -> Set 11 | AA14: =AA13+1 -> 23 | AB14: =AB15 -> 4 | AC14: =AC15 -> 6 | AD14: =AD15 -> 10 | AE14: =AE15 -> 12 | AF14: =AF15 -> 16
A15: Number of Axes: | B15: =VLOOKUP(Switches!$G$2,Table1[[ID'#]:[End]],12,FALSE) -> #N/A | D15: =IF(AND(Switches!A2=2,Switches!C2=11),"Check machine for additional tolerances for Quantum X.","") | F15: Set 11 | J15: =Standards!C6 -> 6 | K15: =Standards!B6 -> 96002 | L15: =Standards!I6 -> Set 11 | AA15: 24 | AB15: 4 | AC15: 6 | AD15: 10 | AE15: 12 | AF15: 16
A16: Measuring Range (in): | B16: =VLOOKUP(Switches!$G$2,Table1[[ID'#]:[End]],10,FALSE) -> #N/A | C16: Tolerance can be entered manually | F16: =IF(AND(Switches!AI38=TRUE,Switches!AK38=TRUE),"Past Due!",IF(Switches!AI38=TRUE,"Active","N/A")) -> N/A | J16: =Standards!C7 -> 7 | K16: =Standards!B7 -> 2305 | L16: =Standards!I7 -> Set 11 | AA16: =AA15+1 -> 25 | AB16: =AB17 -> 4 | AC16: =AC17 -> 8 | AD16: =AD17 -> 12 | AE16: =AE17 -> 16 | AF16: =AF17 -> 20
A17: Tolerance Source | C17: (Inch/mm) | D17: Results | G17: =IF(Switches!BD3=3,"Make sure we bill for ASME method!",IF(Switches!BD3=4,"Are you sure you want to use ISO?","")) | J17: =Standards!C8 -> 8 | K17: =Standards!B8 -> 13013 | L17: =Standards!I8 -> Set 11 | AA17: =AA16+1 -> 26 | AB17: =AB18 -> 4 | AC17: =AC18 -> 8 | AD17: =AD18 -> 12 | AE17: =AE18 -> 16 | AF17: =AF18 -> 20
A18: SPAT | C18: =Switches!I5 -> #N/A | D18: =IF(Switches!BC3=3,MAX(SPAT1!N22,SPAT2!N22,SPAT3!N22),SPAT1!N22) -> 0 | E18: Specified Method | F18: =VLOOKUP(Switches!$G$2,Table1[[ID'#]:[End]],23,FALSE) -> #N/A | G18: =IF(Switches!AA3=0,"OK","!") -> #N/A | J18: =Standards!C9 -> 10 | K18: =Standards!B9 -> 08179 | L18: =Standards!I9 -> Set 11 | AA18: =AA17+1 -> 27 | AB18: =AB19 -> 4 | AC18: =AC19 -> 8 | AD18: =AD19 -> 12 | AE18: =AE19 -> 16 | AF18: =AF19 -> 20
A19: Length/VPT/Euni: | C19: =Switches!J5 -> #N/A | D19: =IF(Switches!BD3=2,Length!S12,IF(Switches!BD3=3,'VPT (ASME)'!P4,IF(Switches!BD3=4,'Euni (ISO)'!L3,0))) -> 0 | E19: Specified Method | F19: =VLOOKUP(Switches!$G$2,Table1[[ID'#]:[End]],24,FALSE) -> #N/A | G19: =IF(Switches!AC3=0,"OK","!") -> #N/A | J19: =Standards!C10 -> 12 | K19: =Standards!B10 -> 1807 | L19: =Standards!I10 -> Set 11 | AA19: =AA18+1 -> 28 | AB19: =AB20 -> 4 | AC19: =AC20 -> 8 | AD19: =AD20 -> 12 | AE19: =AE20 -> 16 | AF19: =AF20 -> 20
A20: Psize | C20: =Switches!K5 -> #N/A | D20: =Probing!C20 -> #N/A | J20: =Standards!C11 -> 16 | K20: =Standards!B11 -> 1515 | L20: =Standards!I11 -> Set 11 | AA20: =AA19+1 -> 29 | AB20: =AB21 -> 4 | AC20: =AC21 -> 8 | AD20: =AD21 -> 12 | AE20: =AE21 -> 16 | AF20: =AF21 -> 20
A21: Pform | C21: =Switches!L5 -> #N/A | D21: =Probing!C21 -> 0 | J21: =Standards!C12 -> 20 | K21: =Standards!B12 -> 13002 | L21: =Standards!I12 -> Set 11 | AA21: 30 | AB21: 4 | AC21: 8 | AD21: 12 | AE21: 16 | AF21: 20
A22: LDIA | C22: =Switches!M5 -> #N/A | D22: ='Articulated Location'!D14 -> 0 | E22: Specified Method | F22: =VLOOKUP(Switches!$G$2,Table1[[ID'#]:[End]],25,FALSE) -> #N/A | G22: =IF(Switches!AE3=0,"OK","!") -> #N/A | J22: =Standards!C33 -> 1 | K22: =Standards!B33 -> 16191 | L22: =Standards!I33 -> Set 8 | AA22: =AA21+1 -> 31 | AB22: =AB23 -> 4 | AC22: =AC23 -> 8 | AD22: =AD23 -> 12 | AE22: =AE23 -> 16 | AF22: =AF23 -> 22
A23: EDPT | C23: =Switches!N5 -> Capability | D23: =EDPT!F10 -> #N/A | J23: =Standards!C34 -> 2 | K23: =Standards!B34 -> 98537 | L23: =Standards!I34 -> Set 8 | AA23: =AA22+1 -> 32 | AB23: =AB24 -> 4 | AC23: =AC24 -> 8 | AD23: =AD24 -> 12 | AE23: =AE24 -> 16 | AF23: =AF24 -> 22
A24: LLP attached to arm | J24: =Standards!C35 -> 3 | K24: =Standards!B35 -> 98588 | L24: =Standards!I35 -> Set 8 | AA24: 33 | AB24: 4 | AC24: 8 | AD24: 12 | AE24: 16 | AF24: 22
A25: Work Order: | F25: Set 8 | J25: =Standards!C36 -> 4 | K25: =Standards!B36 -> 98262 | L25: =Standards!I36 -> Set 8 | AA25: =AA24+1 -> 34 | AB25: =AB26 -> 6 | AC25: =AC26 -> 10 | AD25: =AD26 -> 16 | AE25: =AE26 -> 20 | AF25: =AF26 -> 24
A26: Serial Number: | F26: =IF(AND(Switches!AI39=TRUE,Switches!AK39=TRUE),"Past Due!",IF(Switches!AI39=TRUE,"Active","N/A")) -> N/A | J26: =Standards!C37 -> 5 | K26: =Standards!B37 -> 96030 | L26: =Standards!I37 -> Set 8 | AA26: =AA25+1 -> 35 | AB26: =AB27 -> 6 | AC26: =AC27 -> 10 | AD26: =AD27 -> 16 | AE26: =AE27 -> 20 | AF26: =AF27 -> 24
A27: Unit Number: | J27: =Standards!C38 -> 6 | K27: =Standards!B38 -> 17015 | L27: =Standards!I38 -> Set 8 | AA27: 36 | AB27: 6 | AC27: 10 | AD27: 16 | AE27: 20 | AF27: 24
A28: Manufacturer | B28: =IF(Switches!BV1=1,"",B13) | J28: =Standards!C39 -> 8 | K28: =Standards!B39 -> 13099 | L28: =Standards!I39 -> Set 8 | AA28: =AA27+1 -> 37 | AB28: =AB29 -> 6 | AC28: =AC29 -> 10 | AD28: =AD29 -> 16 | AE28: =AE29 -> 20 | AF28: =AF29 -> 26
A29: Model: | B29: =Switches!BW2 | D29: =B28&" "&B29 | J29: =Standards!C40 -> 10 | K29: =Standards!B40 -> 15002 | L29: =Standards!I40 -> Set 8 | AA29: =AA28+1 -> 38 | AB29: =AB30 -> 6 | AC29: =AC30 -> 10 | AD29: =AD30 -> 16 | AE29: =AE30 -> 20 | AF29: =AF30 -> 26
A30: Tolerance Source | C30: (Inch/mm) | D30: Results | J30: =Standards!C41 -> 12 | K30: =Standards!B41 -> 98081 | L30: =Standards!I41 -> Set 8 | AA30: 39 | AB30: 6 | AC30: 10 | AD30: 16 | AE30: 20 | AF30: 26
A31: SPAT | C31: =Switches!BW4 -> N/A | D31: =LLP!D14 -> 0 | E31: Specified Method | F31: =Switches!BW3 | G31: =IF(Switches!AA6=0,"OK","!") -> OK | J31: =Standards!C13 -> 1 | K31: =Standards!B13 -> R712B | L31: =Standards!I13 -> Set 12 | AA31: =AA30+1 -> 40 | AB31: =AB32 -> 6 | AC31: =AC32 -> 10 | AD31: =AD32 -> 16 | AE31: =AE32 -> 22 | AF31: =AF32 -> 28
A32: 8th-Axis attached to arm | J32: =Standards!C14 -> 2 | K32: =Standards!B14 -> 99900 | L32: =Standards!I14 -> Set 12 | AA32: =AA31+1 -> 41 | AB32: =AB33 -> 6 | AC32: =AC33 -> 10 | AD32: =AD33 -> 16 | AE32: =AE33 -> 22 | AF32: =AF33 -> 28
A33: Work Order: | F33: Set 12 | J33: =Standards!C15 -> 3 | K33: =Standards!B15 -> 03301 | L33: =Standards!I15 -> Set 12 | AA33: 42 | AB33: 6 | AC33: 10 | AD33: 16 | AE33: 22 | AF33: 28
A34: Serial Number: | F34: =IF(AND(Switches!AI40=TRUE,Switches!AK40=TRUE),"Past Due!",IF(Switches!AI40=TRUE,"Active","N/A")) -> N/A | J34: =Standards!C16 -> 4 | K34: =Standards!B16 -> 03327 | L34: =Standards!I16 -> Set 12 | AA34: =AA33+1 -> 43 | AB34: =AB35 -> 6 | AC34: =AC35 -> 12 | AD34: =AD35 -> 18 | AE34: =AE35 -> 24 | AF34: =AF35 -> 30
A35: Unit Number: | AA35: =AA34+1 -> 44 | AB35: =AB36 -> 6 | AC35: =AC36 -> 12 | AD35: =AD36 -> 18 | AE35: =AE36 -> 24 | AF35: =AF36 -> 30
A36: Manufacturer | B36: =IF(Switches!CK1=1,"",B13) | AA36: 45 | AB36: 6 | AC36: 12 | AD36: 18 | AE36: 24 | AF36: 30
A37: Model: | B37: =Switches!CL2 | D37: =B36&" "&B37 | AA37: =AA36+1 -> 46 | AB37: =AB38 -> 6 | AC37: =AC38 -> 12 | AD37: =AD38 -> 18 | AE37: =AE38 -> 24 | AF37: =AF38 -> 32
A38: Tolerance Source | C38: (Inch/mm) | D38: Results | AA38: =AA37+1 -> 47 | AB38: =AB39 -> 6 | AC38: =AC39 -> 12 | AD38: =AD39 -> 18 | AE38: =AE39 -> 24 | AF38: =AF39 -> 32
A39: LDIA | C39: =Switches!CL4 -> N/A | D39: ='8-Axis'!D14 -> 0 | E39: Specified Method | F39: =Switches!CL3 | G39: =IF(Switches!AE6=0,"OK","!") -> OK | AA39: 48 | AB39: 6 | AC39: 12 | AD39: 18 | AE39: 24 | AF39: 32
AA40: =AA39+1 -> 49 | AB40: =AB41 -> 6 | AC40: =AC41 -> 12 | AD40: =AD41 -> 20 | AE40: =AE41 -> 26 | AF40: =AF41 -> 34
AA41: =AA40+1 -> 50 | AB41: =AB42 -> 6 | AC41: =AC42 -> 12 | AD41: =AD42 -> 20 | AE41: =AE42 -> 26 | AF41: =AF42 -> 34
AA42: 51 | AB42: 6 | AC42: 12 | AD42: 20 | AE42: 26 | AF42: 34
AA43: =AA42+1 -> 52 | AB43: =AB44 -> 6 | AC43: =AC44 -> 12 | AD43: =AD44 -> 20 | AE43: =AE44 -> 28 | AF43: =AF44 -> 36
AA44: =AA43+1 -> 53 | AB44: =AB45 -> 6 | AC44: =AC45 -> 12 | AD44: =AD45 -> 20 | AE44: =AE45 -> 28 | AF44: =AF45 -> 36
AA45: 54 | AB45: 6 | AC45: 12 | AD45: 20 | AE45: 28 | AF45: 36
AA46: =AA45+1 -> 55 | AB46: =AB47 -> 8 | AC46: =AC47 -> 16 | AD46: =AD47 -> 20 | AE46: =AE47 -> 28 | AF46: =AF47 -> 38
AA47: =AA46+1 -> 56 | AB47: =AB48 -> 8 | AC47: =AC48 -> 16 | AD47: =AD48 -> 20 | AE47: =AE48 -> 28 | AF47: =AF48 -> 38
AA48: 57 | AB48: 8 | AC48: 16 | AD48: 20 | AE48: 28 | AF48: 38
AA49: =AA48+1 -> 58 | AB49: =AB50 -> 8 | AC49: =AC50 -> 16 | AD49: =AD50 -> 24 | AE49: =AE50 -> 32 | AF49: =AF50 -> 40
AA50: =AA49+1 -> 59 | AB50: =AB51 -> 8 | AC50: =AC51 -> 16 | AD50: =AD51 -> 24 | AE50: =AE51 -> 32 | AF50: =AF51 -> 40
AA51: 60 | AB51: 8 | AC51: 16 | AD51: 24 | AE51: 32 | AF51: 40
AA52: =AA51+1 -> 61 | AB52: =AB53 -> 8 | AC52: =AC53 -> 16 | AD52: =AD53 -> 24 | AE52: =AE53 -> 32 | AF52: =AF53 -> 42
AA53: =AA52+1 -> 62 | AB53: =AB54 -> 8 | AC53: =AC54 -> 16 | AD53: =AD54 -> 24 | AE53: =AE54 -> 32 | AF53: =AF54 -> 42
AA54: 63 | AB54: 8 | AC54: 16 | AD54: 24 | AE54: 32 | AF54: 42
AA55: =AA54+1 -> 64 | AB55: =AB56 -> 10 | AC55: =AC56 -> 20 | AD55: =AD56 -> 28 | AE55: =AE56 -> 36 | AF55: =AF56 -> 44
AA56: =AA55+1 -> 65 | AB56: =AB57 -> 10 | AC56: =AC57 -> 20 | AD56: =AD57 -> 28 | AE56: =AE57 -> 36 | AF56: =AF57 -> 44
AA57: 66 | AB57: 10 | AC57: 20 | AD57: 28 | AE57: 36 | AF57: 44
AA58: =AA57+1 -> 67 | AB58: =AB59 -> 10 | AC58: =AC59 -> 20 | AD58: =AD59 -> 28 | AE58: =AE59 -> 36 | AF58: =AF59 -> 46
AA59: =AA58+1 -> 68 | AB59: =AB60 -> 10 | AC59: =AC60 -> 20 | AD59: =AD60 -> 28 | AE59: =AE60 -> 36 | AF59: =AF60 -> 46
AA60: 69 | AB60: 10 | AC60: 20 | AD60: 28 | AE60: 36 | AF60: 46
AA61: =AA60+1 -> 70 | AB61: =AB62 -> 10 | AC61: =AC62 -> 20 | AD61: =AD62 -> 28 | AE61: =AE62 -> 38 | AF61: =AF62 -> 48
AA62: =AA61+1 -> 71 | AB62: =AB63 -> 10 | AC62: =AC63 -> 20 | AD62: =AD63 -> 28 | AE62: =AE63 -> 38 | AF62: =AF63 -> 48
AA63: 72 | AB63: 10 | AC63: 20 | AD63: 28 | AE63: 38 | AF63: 48
AA64: =AA63+1 -> 73 | AB64: =AB65 -> 10 | AC64: =AC65 -> 20 | AD64: =AD65 -> 30 | AE64: =AE65 -> 40 | AF64: =AF65 -> 50
AA65: =AA64+1 -> 74 | AB65: =AB66 -> 10 | AC65: =AC66 -> 20 | AD65: =AD66 -> 30 | AE65: =AE66 -> 40 | AF65: =AF66 -> 50
AA66: 75 | AB66: 10 | AC66: 20 | AD66: 30 | AE66: 40 | AF66: 50
AA67: =AA66+1 -> 76 | AB67: =AB68 -> 10 | AC67: =AC68 -> 20 | AD67: =AD68 -> 30 | AE67: =AE68 -> 40 | AF67: =AF68 -> 52
AA68: =AA67+1 -> 77 | AB68: =AB69 -> 10 | AC68: =AC69 -> 20 | AD68: =AD69 -> 30 | AE68: =AE69 -> 40 | AF68: =AF69 -> 52
AA69: 78 | AB69: 10 | AC69: 20 | AD69: 30 | AE69: 40 | AF69: 52
AA70: =AA69+1 -> 79 | AB70: =AB71 -> 10 | AC70: =AC71 -> 20 | AD70: =AD71 -> 32 | AE70: =AE71 -> 42 | AF70: =AF71 -> 54
AA71: =AA70+1 -> 80 | AB71: =AB72 -> 10 | AC71: =AC72 -> 20 | AD71: =AD72 -> 32 | AE71: =AE72 -> 42 | AF71: =AF72 -> 54
AA72: 81 | AB72: 10 | AC72: 20 | AD72: 32 | AE72: 42 | AF72: 54
AA73: =AA72+1 -> 82 | AB73: =AB74 -> 12 | AC73: =AC74 -> 22 | AD73: =AD74 -> 32 | AE73: =AE74 -> 44 | AF73: =AF74 -> 56
AA74: =AA73+1 -> 83 | AB74: =AB75 -> 12 | AC74: =AC75 -> 22 | AD74: =AD75 -> 32 | AE74: =AE75 -> 44 | AF74: =AF75 -> 56
AA75: 84 | AB75: 12 | AC75: 22 | AD75: 32 | AE75: 44 | AF75: 56
AA76: =AA75+1 -> 85 | AB76: =AB77 -> 12 | AC76: =AC77 -> 22 | AD76: =AD77 -> 34 | AE76: =AE77 -> 46 | AF76: =AF77 -> 58
AA77: =AA76+1 -> 86 | AB77: =AB78 -> 12 | AC77: =AC78 -> 22 | AD77: =AD78 -> 34 | AE77: =AE78 -> 46 | AF77: =AF78 -> 58
AA78: 87 | AB78: 12 | AC78: 22 | AD78: 34 | AE78: 46 | AF78: 58
AA79: =AA78+1 -> 88 | AB79: =AB80 -> 12 | AC79: =AC80 -> 24 | AD79: =AD80 -> 36 | AE79: =AE80 -> 48 | AF79: =AF80 -> 60
AA80: =AA79+1 -> 89 | AB80: =AB81 -> 12 | AC80: =AC81 -> 24 | AD80: =AD81 -> 36 | AE80: =AE81 -> 48 | AF80: =AF81 -> 60
AA81: 90 | AB81: 12 | AC81: 24 | AD81: 36 | AE81: 48 | AF81: 60
AA82: =AA81+1 -> 91 | AB82: =AB83 -> 12 | AC82: =AC83 -> 24 | AD82: =AD83 -> 36 | AE82: =AE83 -> 48 | AF82: =AF83 -> 62
AA83: =AA82+1 -> 92 | AB83: =AB84 -> 12 | AC83: =AC84 -> 24 | AD83: =AD84 -> 36 | AE83: =AE84 -> 48 | AF83: =AF84 -> 62
AA84: 93 | AB84: 12 | AC84: 24 | AD84: 36 | AE84: 48 | AF84: 62
AA85: =AA84+1 -> 94 | AB85: =AB86 -> 12 | AC85: =AC86 -> 24 | AD85: =AD86 -> 36 | AE85: =AE86 -> 50 | AF85: =AF86 -> 64
AA86: =AA85+1 -> 95 | AB86: =AB87 -> 12 | AC86: =AC87 -> 24 | AD86: =AD87 -> 36 | AE86: =AE87 -> 50 | AF86: =AF87 -> 64
AA87: 96 | AB87: 12 | AC87: 24 | AD87: 36 | AE87: 50 | AF87: 64
AA88: =AA87+1 -> 97 | AB88: =AB89 -> 12 | AC88: =AC89 -> 26 | AD88: =AD89 -> 38 | AE88: =AE89 -> 52 | AF88: =AF89 -> 66
AA89: =AA88+1 -> 98 | AB89: =AB90 -> 12 | AC89: =AC90 -> 26 | AD89: =AD90 -> 38 | AE89: =AE90 -> 52 | AF89: =AF90 -> 66
AA90: 99 | AB90: 12 | AC90: 26 | AD90: 38 | AE90: 52 | AF90: 66
AA91: =AA90+1 -> 100 | AB91: =AB92 -> 12 | AC91: =AC92 -> 26 | AD91: =AD92 -> 40 | AE91: =AE92 -> 54 | AF91: =AF92 -> 68
AA92: =AA91+1 -> 101 | AB92: =AB93 -> 12 | AC92: =AC93 -> 26 | AD92: =AD93 -> 40 | AE92: =AE93 -> 54 | AF92: =AF93 -> 68
AA93: 102 | AB93: 12 | AC93: 26 | AD93: 40 | AE93: 54 | AF93: 68
AA94: =AA93+1 -> 103 | AB94: =AB95 -> 12 | AC94: =AC95 -> 26 | AD94: =AD95 -> 40 | AE94: =AE95 -> 54 | AF94: =AF95 -> 70
AA95: =AA94+1 -> 104 | AB95: =AB96 -> 12 | AC95: =AC96 -> 26 | AD95: =AD96 -> 40 | AE95: =AE96 -> 54 | AF95: =AF96 -> 70
AA96: 105 | AB96: 12 | AC96: 26 | AD96: 40 | AE96: 54 | AF96: 70
AA97: =AA96+1 -> 106 | AB97: =AB98 -> 12 | AC97: =AC98 -> 28 | AD97: =AD98 -> 42 | AE97: =AE98 -> 56 | AF97: =AF98 -> 72
AA98: =AA97+1 -> 107 | AB98: =AB99 -> 12 | AC98: =AC99 -> 28 | AD98: =AD99 -> 42 | AE98: =AE99 -> 56 | AF98: =AF99 -> 72
AA99: 108 | AB99: 12 | AC99: 28 | AD99: 42 | AE99: 56 | AF99: 72
AA100: =AA99+1 -> 109 | AB100: =AB101 -> 12 | AC100: =AC101 -> 28 | AD100: =AD101 -> 42 | AE100: =AE101 -> 58 | AF100: =AF101 -> 74
...

Sheet Qualer
A1: Report | B1: =Info!B1 -> 0 | E1: AACMM | H1: Attributes
A2: Item | B2: =Info!D14 -> #N/A | H2: Condition: | I2: Used
A3: Date | B3: =Info!B5 -> 0 | C3: =Info!G17 | H3: Display Resolution: | I3: =Info!B10&"""" -> 0.00001"
A4: Pages | B4: =Switches!BI8 -> 1 | H4: Measuring Range: | I4: =Info!B16&"""" -> #N/A
A5: Temp | B5: =AVERAGE(G9,G11,G14,G17,G19,G21,G22) -> #DIV/0! | H5: Tolerance Source: | I5: =IF(Switches!U2=1,Switches!U3,Switches!U4) -> Manufacturer
A6: %RH | B6: =AVERAGE(H9,H11,H14,H17,H19,H21,H22) -> #DIV/0! | H6: Work Procedure: | I6: WP251895
B8: Test | C8: Tolerance | D8: Result | E8: Uncertainty | F8: Standard | G8: Temp | H8: RH | AB8: Test | AC8: Tolerance | AD8: Result | AE8: Uncertainty | AF8: Standard | AG8: Temp | AH8: RH
B9: =IF(Switches!BD3>1,Qualer!AB9,"") | C9: =IF(Switches!BD3>1,Qualer!AC9,"") | D9: =IF(Switches!BD3>1,Qualer!AD9,"") | E9: =IF(Switches!BD3>1,Qualer!AE9,"") | F9: =IF(Switches!BD3>1,Qualer!AF9,"") | G9: =IF(Switches!BD3>1,Qualer!AG9,"") | H9: =IF(Switches!BD3>1,Qualer!AH9,"") | AB9: Length | AC9: =Switches!J4 -> #N/A | AD9: =IF(Switches!BD3=2,Length!S12,IF(Switches!BD3=3,'VPT (ASME)'!P4,IF(Switches!BD3=4,'Euni (ISO)'!L3,0))) -> 0 | AE9: =ROUND(170+0.18*Info!B16/2,0) -> #N/A | AF9: =Switches!AH42 -> N/A | AG9: =IF(Switches!BD3=2,Switches!BD26,IF(Switches!BD3=3,Switches!BD28,IF(Switches!BD3=4,Switches!BD30,0))) -> 0 | AH9: =IF(Switches!BD3=2,Switches!BD27,IF(Switches!BD3=3,Switches!BD29,IF(Switches!BD3=4,Switches!BD31,0))) -> 0
B10: =IF(Switches!BC3>1,Qualer!AB10,"") | C10: =IF(Switches!BC3>1,Qualer!AC10,"") | D10: =IF(Switches!BC3>1,Qualer!AD10,"") | E10: =IF(Switches!BC3>1,Qualer!AE10,"") | F10: =IF(Switches!BC3>1,Qualer!AF10,"") | G10: =IF(Switches!BC3>1,Qualer!AG10,"") | H10: =IF(Switches!BC3>1,Qualer!AH10,"") | AB10: =IF(Switches!AA2=1,"SPAT-1-X","") -> SPAT-1-X | AC10: =IF(Switches!AA2=1,AC11,"") -> #N/A | AD10: =IF(Switches!AA2=1,Switches!BC17,"") -> 0 | AE10: =IF(Switches!AA2=1,AE11,"") -> 90 | AF10: =IF(Switches!AA2=1,AF11,"") -> N/A | AG10: =IF(Switches!AA2=1,AG11,"") -> 0 | AH10: =IF(Switches!AA2=1,AH11,"") -> 0
B11: =IF(Switches!BC3>1,Qualer!AB11,"") | C11: =IF(Switches!BC3>1,Qualer!AC11,"") | D11: =IF(Switches!BC3>1,Qualer!AD11,"") | E11: =IF(Switches!BC3>1,Qualer!AE11,"") | F11: =IF(Switches!BC3>1,Qualer!AF11,"") | G11: =IF(Switches!BC3>1,Qualer!AG11,"") | H11: =IF(Switches!BC3>1,Qualer!AH11,"") | AB11: =IF(Switches!AA2=1,"SPAT-1-Y","SPAT-1") -> SPAT-1-Y | AC11: =Switches!I4 -> #N/A | AD11: =IF(Switches!AA2=1,Switches!BC18,Switches!BC20) -> 0 | AE11: 90 | AF11: N/A | AG11: =SPAT1!L4 -> 0 | AH11: =SPAT1!L5 -> 0
B12: =IF(Switches!BC3>1,Qualer!AB12,"") | C12: =IF(Switches!BC3>1,Qualer!AC12,"") | D12: =IF(Switches!BC3>1,Qualer!AD12,"") | E12: =IF(Switches!BC3>1,Qualer!AE12,"") | F12: =IF(Switches!BC3>1,Qualer!AF12,"") | G12: =IF(Switches!BC3>1,Qualer!AG12,"") | H12: =IF(Switches!BC3>1,Qualer!AH12,"") | AB12: =IF(Switches!AA2=1,"SPAT-1-Z","") -> SPAT-1-Z | AC12: =AC10 -> #N/A | AD12: =IF(Switches!AA2=1,Switches!BC19,"") -> 0 | AE12: =AE10 -> 90 | AF12: =AF10 -> N/A | AG12: =AG10 -> 0 | AH12: =AH10 -> 0
B13: =IF(Switches!BC3>2,Qualer!AB13,"") | C13: =IF(Switches!BC3>2,Qualer!AC13,"") | D13: =IF(Switches!BC3>2,Qualer!AD13,"") | E13: =IF(Switches!BC3>2,Qualer!AE13,"") | F13: =IF(Switches!BC3>2,Qualer!AF13,"") | G13: =IF(Switches!BC3>2,Qualer!AG13,"") | H13: =IF(Switches!BC3>2,Qualer!AH13,"") | AB13: =IF(Switches!AA2=1,"SPAT-2-X","") -> SPAT-2-X | AC13: =IF(Switches!AA2=1,AC14,"") -> #N/A | AD13: =IF(Switches!AA2=1,Switches!BC21,"") -> 0 | AE13: =IF(Switches!AA2=1,AE14,"") -> 90 | AF13: =IF(Switches!AA2=1,AF14,"") -> N/A | AG13: =IF(Switches!AA2=1,AG14,"") -> 0 | AH13: =IF(Switches!AA2=1,AH14,"") -> 0
B14: =IF(Switches!BC3>2,Qualer!AB14,"") | C14: =IF(Switches!BC3>2,Qualer!AC14,"") | D14: =IF(Switches!BC3>2,Qualer!AD14,"") | E14: =IF(Switches!BC3>2,Qualer!AE14,"") | F14: =IF(Switches!BC3>2,Qualer!AF14,"") | G14: =IF(Switches!BC3>2,Qualer!AG14,"") | H14: =IF(Switches!BC3>2,Qualer!AH14,"") | AB14: =IF(Switches!AA2=1,"SPAT-2-Y","SPAT-2") -> SPAT-2-Y | AC14: =Switches!I4 -> #N/A | AD14: =IF(Switches!AA2=1,Switches!BC22,Switches!BC24) -> 0 | AE14: 90 | AF14: N/A | AG14: =SPAT2!L4 -> 0 | AH14: =SPAT2!L5 -> 0
B15: =IF(Switches!BC3>2,Qualer!AB15,"") | C15: =IF(Switches!BC3>2,Qualer!AC15,"") | D15: =IF(Switches!BC3>2,Qualer!AD15,"") | E15: =IF(Switches!BC3>2,Qualer!AE15,"") | F15: =IF(Switches!BC3>2,Qualer!AF15,"") | G15: =IF(Switches!BC3>2,Qualer!AG15,"") | H15: =IF(Switches!BC3>2,Qualer!AH15,"") | AB15: =IF(Switches!AA2=1,"SPAT-2-Z","") -> SPAT-2-Z | AC15: =AC13 -> #N/A | AD15: =IF(Switches!AA2=1,Switches!BC23,"") -> 0 | AE15: =AE13 -> 90 | AF15: =AF13 -> N/A | AG15: =AG13 -> 0 | AH15: =AH13 -> 0
B16: =IF(Switches!BC3>2,Qualer!AB16,"") | C16: =IF(Switches!BC3>2,Qualer!AC16,"") | D16: =IF(Switches!BC3>2,Qualer!AD16,"") | E16: =IF(Switches!BC3>2,Qualer!AE16,"") | F16: =IF(Switches!BC3>2,Qualer!AF16,"") | G16: =IF(Switches!BC3>2,Qualer!AG16,"") | H16: =IF(Switches!BC3>2,Qualer!AH16,"") | AB16: =IF(Switches!AA2=1,"SPAT-3-X","") -> SPAT-3-X | AC16: =IF(Switches!AA2=1,AC17,"") -> #N/A | AD16: =IF(Switches!AA2=1,Switches!BC25,"") -> 0 | AE16: =IF(Switches!AA2=1,AE17,"") -> 90 | AF16: =IF(Switches!AA2=1,AF17,"") -> N/A | AG16: =IF(Switches!AA2=1,AG17,"") -> 0 | AH16: =IF(Switches!AA2=1,AH17,"") -> 0
B17: =IF(Switches!BC3>2,Qualer!AB17,"") | C17: =IF(Switches!BC3>2,Qualer!AC17,"") | D17: =IF(Switches!BC3>2,Qualer!AD17,"") | E17: =IF(Switches!BC3>2,Qualer!AE17,"") | F17: =IF(Switches!BC3>2,Qualer!AF17,"") | G17: =IF(Switches!BC3>2,Qualer!AG17,"") | H17: =IF(Switches!BC3>2,Qualer!AH17,"") | AB17: =IF(Switches!AA2=1,"SPAT-3-Y","SPAT-3") -> SPAT-3-Y | AC17: =Switches!I4 -> #N/A | AD17: =IF(Switches!AA2=1,Switches!BC26,Switches!BC28) -> 0 | AE17: 90 | AF17: N/A | AG17: =SPAT3!L4 -> 0 | AH17: =SPAT3!L5 -> 0
B18: =IF(Switches!BC3>2,Qualer!AB18,"") | C18: =IF(Switches!BC3>2,Qualer!AC18,"") | D18: =IF(Switches!BC3>2,Qualer!AD18,"") | E18: =IF(Switches!BC3>2,Qualer!AE18,"") | F18: =IF(Switches!BC3>2,Qualer!AF18,"") | G18: =IF(Switches!BC3>2,Qualer!AG18,"") | H18: =IF(Switches!BC3>2,Qualer!AH18,"") | AB18: =IF(Switches!AA2=1,"SPAT-3-Z","") -> SPAT-3-Z | AC18: =AC16 -> #N/A | AD18: =IF(Switches!AA2=1,Switches!BC27,"") -> 0 | AE18: =AE16 -> 90 | AF18: =AF16 -> N/A | AG18: =AG16 -> 0 | AH18: =AH16 -> 0
B19: =IF(Switches!BE3>1,Qualer!AB19,"") | C19: =IF(Switches!BE3>1,Qualer!AC19,"") | D19: =IF(Switches!BE3>1,Qualer!AD19,"") | E19: =IF(Switches!BE3>1,Qualer!AE19,"") | F19: =IF(Switches!BE3>1,Qualer!AF19,"") | G19: =IF(Switches!BE3>1,Qualer!AG19,"") | H19: =IF(Switches!BE3>1,Qualer!AH19,"") | AB19: Psize | AC19: =Switches!K4 -> #N/A | AD19: =Probing!C20 -> #N/A | AE19: 55 | AF19: =Probing!AR14 -> #N/A | AG19: =Probing!C3 -> 0 | AH19: =Probing!D3 -> 0
B20: =IF(Switches!BE3>1,Qualer!AB20,"") | C20: =IF(Switches!BE3>1,Qualer!AC20,"") | D20: =IF(Switches!BE3>1,Qualer!AD20,"") | E20: =IF(Switches!BE3>1,Qualer!AE20,"") | F20: =F19 | G20: =G19 | H20: =H19 | AB20: Pform | AC20: =Switches!L4 -> #N/A | AD20: =Probing!C21 -> 0 | AE20: 55 | AF20: =AF19 -> #N/A | AG20: =AG19 -> 0 | AH20: =AH19 -> 0
B21: =IF(Switches!BF3>1,Qualer!AB21,"") | C21: =IF(Switches!BF3>1,Qualer!AC21,"") | D21: =IF(Switches!BF3>1,Qualer!AD21,"") | E21: =IF(Switches!BF3>1,Qualer!AE21,"") | F21: =IF(Switches!BF3>1,Qualer!AF21,"") | G21: =IF(Switches!BF3>1,Qualer!AG21,"") | H21: =IF(Switches!BF3>1,Qualer!AH21,"") | AB21: Ldia | AC21: =Switches!M4 -> #N/A | AD21: ='Articulated Location'!D14 -> 0 | AE21: 55 | AF21: ='Articulated Location'!AR14 -> #N/A | AG21: ='Articulated Location'!C1 -> 0 | AH21: ='Articulated Location'!E1 -> 0
B22: =IF(Switches!BG3>1,Qualer!AB22,"") | C22: =IF(Switches!BG3>1,Qualer!AC22,"") | D22: =IF(Switches!BG3>1,Qualer!AD22,"") | E22: =IF(Switches!BG3>1,Qualer!AE22,"") | F22: =IF(Switches!BG3>1,Qualer!AF22,"") | G22: =IF(Switches!BG3>1,Qualer!AG22,"") | H22: =IF(Switches!BG3>1,Qualer!AH22,"") | AB22: EDPT | AC22: =IF(Switches!N4="N/A",Switches!N5,Switches!N4) -> Capability | AD22: =EDPT!F10 -> #N/A | AE22: 55 | AF22: =EDPT!AR14 -> #N/A | AG22: =EDPT!C3 -> 0 | AH22: =EDPT!C4 -> 0
A24: Report | B24: =Info!B25 -> 0 | E24: LLP | H24: Attributes
A25: Item | B25: =Info!D29 | H25: Condition: | I25: Used
H26: Tolerance Source: | I26: =IF(Switches!U8=1,Switches!U3,Switches!U4) -> Manufacturer
A27: Pages | B27: 2 | H27: Work Procedure: | I27: WP251895
B29: Test | C29: Tolerance | D29: Result | E29: Uncertainty | F29: Standard | G29: Temp | H29: RH | AB29: Test | AC29: Tolerance | AD29: Result | AE29: Uncertainty | AF29: Standard | AG29: Temp | AH29: RH
B30: =IF(Info!$B$28="","",AB30) | C30: =IF(Info!$B$28="","",AC30) | D30: =IF(Info!$B$28="","",AD30) | E30: =IF(Info!$B$28="","",AE30) | F30: =IF(Info!$B$28="","",AF30) | G30: =IF(Info!$B$28="","",AG30) | H30: =IF(Info!$B$28="","",AH30) | AB30: Accuracy | AC30: =Switches!BX3 -> N/A | AD30: =Info!D31 -> 0 | AE30: 55 | AF30: =LLP!AR14 -> #N/A | AG30: =LLP!C1 -> 0 | AH30: =LLP!E1 -> 0
A32: Report | B32: =Info!B33 -> 0 | E32: 8-Axis | H32: Attributes
A33: Item | B33: =Info!D37 | H33: Condition: | I33: Used
H34: Tolerance Source: | I34: =IF(Switches!U10=1,Switches!U3,Switches!U4) -> Manufacturer
A35: Pages | B35: 2 | H35: Work Procedure: | I35: WP251895
B37: Test | C37: Tolerance | D37: Result | E37: Uncertainty | F37: Standard | G37: Temp | H37: RH | AB37: Test | AC37: Tolerance | AD37: Result | AE37: Uncertainty | AF37: Standard | AG37: Temp | AH37: RH
B38: =IF(Info!$B$36="","",AB38) | C38: =IF(Info!$B$36="","",AC38) | D38: =IF(Info!$B$36="","",AD38) | E38: =IF(Info!$B$36="","",AE38) | F38: =IF(Info!$B$36="","",AF38) | G38: =IF(Info!$B$36="","",AG38) | H38: =IF(Info!$B$36="","",AH38) | AB38: Accuracy | AC38: =Switches!CM3 -> N/A | AD38: =Info!D39 -> 0 | AE38: 55 | AF38: ='8-Axis'!AR14 -> #N/A | AG38: ='8-Axis'!C1 -> 0 | AH38: ='8-Axis'!E1 -> 0

Sheet SPAT1
A1: ="Report No. "&AS4 -> Report No. 0 | K1: =AV10 -> Page 0 of 1
M2: =IF(AU9=TRUE,"SPAT (0-20%)","SPAT") -> SPAT
F3: Johnson Gage and Inspection, Inc. | AS3: Imported from other sheets
F4: 5920 West 21st Street North, Wichita, KS 67205 | M4: Temperature | O4: Metric | AR4: Report No.: | AS4: =Info!B1 -> 0
F5: Phone 316.943.7532 FAX 316.944.6256 | M5: Humidity | AR5: Customer: | AS5: =Info!B2 -> 0
AR6: Machine I.D: | AS6: =Info!D14 -> #N/A
F7: =IF(AU9=TRUE,"Single Point Articulation Test Record (0-20%)","Single Point Articulation Test Record") -> Single Point Articulation Test Record | N7: Raw Data | AR7: Serial No: | AS7: =Info!B8 -> 0
M8: X | N8: Y | O8: Z | AR8: Date Tested: | AS8: =Info!B5 -> 0
B9: Customer: | C9: =AS5 -> 0 | L9: 1 | AR9: Tested By: | AS9: =Info!B6 -> 0 | AT9: 3 Loc: | AU9: =IF(Switches!BC3=3,TRUE,FALSE) -> FALSE
B10: Machine I.D: | C10: =AS6 -> #N/A | I10: Date Tested: | J10: =AS8 -> 0 | L10: 2 | AR10: Page: | AS10: =Switches!BJ3 -> 0 | AT10: Pages: | AU10: =Switches!BI8 -> 1 | AV10: ="Page "&AS10&" of "&AU10 -> Page 0 of 1
B11: Serial No: | C11: =AS7 -> 0 | I11: Tested By: | J11: =AS9 -> 0 | L11: 3 | AR11: Tolerance: | AS11: =Switches!I4 -> #N/A | AT11: Metric: | AU11: =Switches!Y2 -> FALSE
L12: 4 | AR12: Tolerance Method: | AS12: =Switches!AA2 -> 1 | AT12: =IF(AS12=1,Switches!AB2,IF(AS12=2,Switches!AB3,"error")) -> (Max-Min/2) | AV12: ="Tolerance for this unit @ "&AS12&": " -> Tolerance for this unit @ 1:
L13: 5 | AS13: Live Updating | AW13: Centered Data | AZ13: Sum of squares | BA13: Vectored Deviation | BD13: Absolute Centered Data | BH13: +TOL | BI13: -TOL | BK13: Metric
D14: Test | F14: X | G14: Y | H14: Z | L14: 6 | AR14: X | AS14: Y | AT14: Z | AV14: X | AW14: Y | AX14: Z | BC14: X | BD14: Y | BE14: Z
D15: 1 | F15: =AV15 -> 0 | G15: =AW15 -> 0 | H15: =AX15 -> 0 | L15: 7 | AR15: =IF(M9="",0,IF(BK15=TRUE,M9/25.4,M9)) -> 0 | AS15: =IF(N9="",0,IF(BK15=TRUE,N9/25.4,N9)) -> 0 | AT15: =IF(O9="",0,IF(BK15=TRUE,O9/25.4,O9)) -> 0 | AV15: =AR15-AR29 -> 0 | AW15: =AS15-AS29 -> 0 | AX15: =AT15-AT29 -> 0 | AZ15: =SUMSQ(AV15:AX15) -> 0 | BA15: =SQRT(AZ15) -> 0 | BC15: =ABS(AV15) -> 0 | BD15: =ABS(AW15) -> 0 | BE15: =ABS(AX15) -> 0 | BH15: =AS11 -> #N/A | BI15: =BH15*(-1) -> #N/A | BK15: =AU11 -> FALSE
D16: 2 | F16: =AV16 -> 0 | G16: =AW16 -> 0 | H16: =AX16 -> 0 | L16: 8 | AR16: =IF(M10="",AR15,IF(BK16=TRUE,M10/25.4,M10)) -> 0 | AS16: =IF(N10="",AS15,IF(BK16=TRUE,N10/25.4,N10)) -> 0 | AT16: =IF(O10="",AT15,IF(BK16=TRUE,O10/25.4,O10)) -> 0 | AV16: =AR16-AR29 -> 0 | AW16: =AS16-AS29 -> 0 | AX16: =AT16-AT29 -> 0 | AZ16: =SUMSQ(AV16:AX16) -> 0 | BA16: =SQRT(AZ16) -> 0 | BC16: =ABS(AV16) -> 0 | BD16: =ABS(AW16) -> 0 | BE16: =ABS(AX16) -> 0 | BH16: =BH15 -> #N/A | BI16: =BI15 -> #N/A | BK16: =BK15 -> FALSE
D17: 3 | F17: =AV17 -> 0 | G17: =AW17 -> 0 | H17: =AX17 -> 0 | L17: 9 | AR17: =IF(M11="",AVERAGE(AR15:AR16),IF(BK17=TRUE,M11/25.4,M11)) -> 0 | AS17: =IF(N11="",AVERAGE(AS15:AS16),IF(BK17=TRUE,N11/25.4,N11)) -> 0 | AT17: =IF(O11="",AVERAGE(AT15:AT16),IF(BK17=TRUE,O11/25.4,O11)) -> 0 | AV17: =AR17-AR29 -> 0 | AW17: =AS17-AS29 -> 0 | AX17: =AT17-AT29 -> 0 | AZ17: =SUMSQ(AV17:AX17) -> 0 | BA17: =SQRT(AZ17) -> 0 | BC17: =ABS(AV17) -> 0 | BD17: =ABS(AW17) -> 0 | BE17: =ABS(AX17) -> 0 | BH17: =BH16 -> #N/A | BI17: =BI16 -> #N/A | BK17: =BK16 -> FALSE
D18: 4 | F18: =AV18 -> 0 | G18: =AW18 -> 0 | H18: =AX18 -> 0 | L18: 10 | AR18: =IF(M12="",AVERAGE(AR15:AR17),IF(BK18=TRUE,M12/25.4,M12)) -> 0 | AS18: =IF(N12="",AVERAGE(AS15:AS17),IF(BK18=TRUE,N12/25.4,N12)) -> 0 | AT18: =IF(O12="",AVERAGE(AT15:AT17),IF(BK18=TRUE,O12/25.4,O12)) -> 0 | AV18: =AR18-AR29 -> 0 | AW18: =AS18-AS29 -> 0 | AX18: =AT18-AT29 -> 0 | AZ18: =SUMSQ(AV18:AX18) -> 0 | BA18: =SQRT(AZ18) -> 0 | BC18: =ABS(AV18) -> 0 | BD18: =ABS(AW18) -> 0 | BE18: =ABS(AX18) -> 0 | BH18: =BH17 -> #N/A | BI18: =BI17 -> #N/A | BK18: =BK17 -> FALSE
D19: 5 | F19: =AV19 -> 0 | G19: =AW19 -> 0 | H19: =AX19 -> 0 | L19: (Max-Min/2): | M19: =AR30 -> 0 | N19: =AS30 -> 0 | O19: =AT30 -> 0 | AR19: =IF(M13="",AVERAGE(AR15:AR18),IF(BK19=TRUE,M13/25.4,M13)) -> 0 | AS19: =IF(N13="",AVERAGE(AS15:AS18),IF(BK19=TRUE,N13/25.4,N13)) -> 0 | AT19: =IF(O13="",AVERAGE(AT15:AT18),IF(BK19=TRUE,O13/25.4,O13)) -> 0 | AV19: =AR19-AR29 -> 0 | AW19: =AS19-AS29 -> 0 | AX19: =AT19-AT29 -> 0 | AZ19: =SUMSQ(AV19:AX19) -> 0 | BA19: =SQRT(AZ19) -> 0 | BC19: =ABS(AV19) -> 0 | BD19: =ABS(AW19) -> 0 | BE19: =ABS(AX19) -> 0 | BH19: =BH18 -> #N/A | BI19: =BI18 -> #N/A | BK19: =BK18 -> FALSE
D20: 6 | F20: =AV20 -> 0 | G20: =AW20 -> 0 | H20: =AX20 -> 0 | L20: 2 Sigma: | N20: =BA37 -> 0 | AR20: =IF(M14="",AVERAGE(AR15:AR19),IF(BK20=TRUE,M14/25.4,M14)) -> 0 | AS20: =IF(N14="",AVERAGE(AS15:AS19),IF(BK20=TRUE,N14/25.4,N14)) -> 0 | AT20: =IF(O14="",AVERAGE(AT15:AT19),IF(BK20=TRUE,O14/25.4,O14)) -> 0 | AV20: =AR20-AR29 -> 0 | AW20: =AS20-AS29 -> 0 | AX20: =AT20-AT29 -> 0 | AZ20: =SUMSQ(AV20:AX20) -> 0 | BA20: =SQRT(AZ20) -> 0 | BC20: =ABS(AV20) -> 0 | BD20: =ABS(AW20) -> 0 | BE20: =ABS(AX20) -> 0 | BH20: =BH19 -> #N/A | BI20: =BI19 -> #N/A | BK20: =BK19 -> FALSE
D21: 7 | F21: =AV21 -> 0 | G21: =AW21 -> 0 | H21: =AX21 -> 0 | L21: Tolerance: | M21: =AT12 -> (Max-Min/2) | N21: =AS11 -> #N/A | AR21: =IF(M15="",AVERAGE(AR15:AR20),IF(BK21=TRUE,M15/25.4,M15)) -> 0 | AS21: =IF(N15="",AVERAGE(AS15:AS20),IF(BK21=TRUE,N15/25.4,N15)) -> 0 | AT21: =IF(O15="",AVERAGE(AT15:AT20),IF(BK21=TRUE,O15/25.4,O15)) -> 0 | AV21: =AR21-AR29 -> 0 | AW21: =AS21-AS29 -> 0 | AX21: =AT21-AT29 -> 0 | AZ21: =SUMSQ(AV21:AX21) -> 0 | BA21: =SQRT(AZ21) -> 0 | BC21: =ABS(AV21) -> 0 | BD21: =ABS(AW21) -> 0 | BE21: =ABS(AX21) -> 0 | BH21: =BH20 -> #N/A | BI21: =BI20 -> #N/A | BK21: =BK20 -> FALSE
D22: 8 | F22: =AV22 -> 0 | G22: =AW22 -> 0 | H22: =AX22 -> 0 | M22: Result: | N22: =IF(AS12=1,MAX(M19:O19),N20) -> 0 | AR22: =IF(M16="",AVERAGE(AR15:AR21),IF(BK22=TRUE,M16/25.4,M16)) -> 0 | AS22: =IF(N16="",AVERAGE(AS15:AS21),IF(BK22=TRUE,N16/25.4,N16)) -> 0 | AT22: =IF(O16="",AVERAGE(AT15:AT21),IF(BK22=TRUE,O16/25.4,O16)) -> 0 | AV22: =AR22-AR29 -> 0 | AW22: =AS22-AS29 -> 0 | AX22: =AT22-AT29 -> 0 | AZ22: =SUMSQ(AV22:AX22) -> 0 | BA22: =SQRT(AZ22) -> 0 | BC22: =ABS(AV22) -> 0 | BD22: =ABS(AW22) -> 0 | BE22: =ABS(AX22) -> 0 | BH22: =BH21 -> #N/A | BI22: =BI21 -> #N/A | BK22: =BK21 -> FALSE
D23: 9 | F23: =AV23 -> 0 | G23: =AW23 -> 0 | H23: =AX23 -> 0 | L23: Scroll left or right | AR23: =IF(M17="",AVERAGE(AR15:AR22),IF(BK23=TRUE,M17/25.4,M17)) -> 0 | AS23: =IF(N17="",AVERAGE(AS15:AS22),IF(BK23=TRUE,N17/25.4,N17)) -> 0 | AT23: =IF(O17="",AVERAGE(AT15:AT22),IF(BK23=TRUE,O17/25.4,O17)) -> 0 | AV23: =AR23-AR29 -> 0 | AW23: =AS23-AS29 -> 0 | AX23: =AT23-AT29 -> 0 | AZ23: =SUMSQ(AV23:AX23) -> 0 | BA23: =SQRT(AZ23) -> 0 | BC23: =ABS(AV23) -> 0 | BD23: =ABS(AW23) -> 0 | BE23: =ABS(AX23) -> 0 | BH23: =BH22 -> #N/A | BI23: =BI22 -> #N/A | BK23: =BK22 -> FALSE
D24: 10 | F24: =AV24 -> 0 | G24: =AW24 -> 0 | H24: =AX24 -> 0 | L24: <-- Printable Data Sheet | AR24: =IF(M18="",AVERAGE(AR15:AR23),IF(BK24=TRUE,M18/25.4,M18)) -> 0 | AS24: =IF(N18="",AVERAGE(AS15:AS23),IF(BK24=TRUE,N18/25.4,N18)) -> 0 | AT24: =IF(O18="",AVERAGE(AT15:AT23),IF(BK24=TRUE,O18/25.4,O18)) -> 0 | AV24: =AR24-AR29 -> 0 | AW24: =AS24-AS29 -> 0 | AX24: =AT24-AT29 -> 0 | AZ24: =SUMSQ(AV24:AX24) -> 0 | BA24: =SQRT(AZ24) -> 0 | BC24: =ABS(AV24) -> 0 | BD24: =ABS(AW24) -> 0 | BE24: =ABS(AX24) -> 0 | BH24: =BH23 -> #N/A | BI24: =BI23 -> #N/A | BK24: =BK23 -> FALSE
L25: Calculations -->
D26: Minimum: | F26: =AV26 -> 0 | G26: =AW26 -> 0 | H26: =AX26 -> 0 | AQ26: Minimum: | AR26: =MIN(AR15:AR24) -> 0 | AS26: =MIN(AS15:AS24) -> 0 | AT26: =MIN(AT15:AT24) -> 0 | AU26: Minimum: | AV26: =MIN(AV15:AV24) -> 0 | AW26: =MIN(AW15:AW24) -> 0 | AX26: =MIN(AX15:AX24) -> 0 | AZ26: Minimum: | BA26: =MIN(BA15:BA24) -> 0
D27: Maximum: | F27: =AV27 -> 0 | G27: =AW27 -> 0 | H27: =AX27 -> 0 | AQ27: Maximum: | AR27: =MAX(AR15:AR24) -> 0 | AS27: =MAX(AS15:AS24) -> 0 | AT27: =MAX(AT15:AT24) -> 0 | AU27: Maximum: | AV27: =MAX(AV15:AV24) -> 0 | AW27: =MAX(AW15:AW24) -> 0 | AX27: =MAX(AX15:AX24) -> 0 | AZ27: Maximum: | BA27: =MAX(BA15:BA24) -> 0
D28: Average Deviation: | F28: =AV31 -> 0 | G28: =AW31 -> 0 | H28: =AX31 -> 0 | AQ28: Range: | AR28: =AR27-AR26 -> 0 | AS28: =AS27-AS26 -> 0 | AT28: =AT27-AT26 -> 0 | AU28: Range: | AV28: =AV27-AV26 -> 0 | AW28: =AW27-AW26 -> 0 | AX28: =AX27-AX26 -> 0 | AZ28: Range: | BA28: =BA27-BA26 -> 0
D29: Standard Deviation: | F29: =AV29 -> 0 | G29: =AW29 -> 0 | H29: =AX29 -> 0 | AQ29: Corrector: | AR29: =AVERAGE(AR15:AR24) -> 0 | AS29: =AVERAGE(AS15:AS24) -> 0 | AT29: =AVERAGE(AT15:AT24) -> 0 | AU29: 1 Std. Dev: | AV29: =_xlfn.STDEV.S(AV15:AV24) -> 0 | AW29: =_xlfn.STDEV.S(AW15:AW24) -> 0 | AX29: =_xlfn.STDEV.S(AX15:AX24) -> 0 | AZ29: 1 Std. Dev: | BA29: =_xlfn.STDEV.S(BA15:BA24) -> 0
D30: 2 Standard Deviations: | F30: =AV30 -> 0 | G30: =AW30 -> 0 | H30: =AX30 -> 0 | AQ30: (Max-Min/2) | AR30: =AR28/2 -> 0 | AS30: =AS28/2 -> 0 | AT30: =AT28/2 -> 0 | AU30: 2 Std. Dev: | AV30: =2*AV29 -> 0 | AW30: =2*AW29 -> 0 | AX30: =2*AX29 -> 0 | AZ30: 2 Std. Dev: | BA30: =2*BA29 -> 0
D31: (Max-Min)/2: | F31: =AR30 -> 0 | G31: =AS30 -> 0 | H31: =AT30 -> 0 | AU31: Average Deviation: | AV31: =AVERAGE(BC15:BC24) -> 0 | AW31: =AVERAGE(BD15:BD24) -> 0 | AX31: =AVERAGE(BE15:BE24) -> 0 | AZ31: Average: | BA31: =AVERAGE(BA15:BA24) -> 0
AU32: Average Deviation + 2 Sigma: | AV32: =AV31+AV30 -> 0 | AW32: =AW31+AW30 -> 0 | AX32: =AX31+AX30 -> 0 | AZ32: Average + 2 Sigma: | BA32: =BA31+BA30 -> 0
H33: Deviation @ 2 sigma expressed as a vector: | I33: =BA37 -> 0
H34: Maximum Deviation expressed as a vector: | I34: =BA27 -> 0 | BA34: =SUMSQ(BA15:BA24) -> 0
BA35: =BA34/9 -> 0
H36: ="Tolerance for this unit @ "&AT12&":" -> Tolerance for this unit @ (Max-Min/2): | I36: =AS11 -> #N/A | AZ36: Vectored Deviation at 1 Standard Deviation | BA36: =SQRT(BA35) -> 0
AZ37: Vectored Deviation at 2 Standard Deviations | BA37: =2*BA36 -> 0
D38: All results shown are in inches unless otherwise specified.

Sheet SPAT2
A1: ="Report No. "&AS4 -> Report No. 0 | K1: =AV10 -> Page 1 of 1
M2: SPAT (20-80%)
F3: Johnson Gage and Inspection, Inc. | AS3: Imported from other sheets
F4: 5920 West 21st Street North, Wichita, KS 67205 | M4: Temperature | O4: Metric | AR4: Report No.: | AS4: =Info!B1 -> 0
F5: Phone 316.943.7532 FAX 316.944.6256 | M5: Humidity | AR5: Customer: | AS5: =Info!B2 -> 0
AR6: Machine I.D: | AS6: =Info!D14 -> #N/A
F7: Single Point Articulation Test Record (20-80%) | N7: Raw Data | AR7: Serial No: | AS7: =Info!B8 -> 0
M8: X | N8: Y | O8: Z | AR8: Date Tested: | AS8: =Info!B5 -> 0
B9: Customer: | C9: =AS5 -> 0 | L9: 1 | AR9: Tested By: | AS9: =Info!B6 -> 0 | AT9: 3 Loc: | AU9: =IF(Switches!BC3=3,TRUE,FALSE) -> FALSE
B10: Machine I.D: | C10: =AS6 -> #N/A | I10: Date Tested: | J10: =AS8 -> 0 | L10: 2 | AR10: Page: | AS10: =Switches!BJ3+1 -> 1 | AT10: Pages: | AU10: =Switches!BI8 -> 1 | AV10: ="Page "&AS10&" of "&AU10 -> Page 1 of 1
B11: Serial No: | C11: =AS7 -> 0 | I11: Tested By: | J11: =AS9 -> 0 | L11: 3 | AR11: Tolerance: | AS11: =Switches!I4 -> #N/A | AT11: Metric: | AU11: =Switches!Y3 -> FALSE
L12: 4 | AR12: Tolerance Method: | AS12: =Switches!AA2 -> 1 | AT12: =IF(AS12=1,Switches!AB2,IF(AS12=2,Switches!AB3,"error")) -> (Max-Min/2) | AV12: ="Tolerance for this unit @ "&AS12&": " -> Tolerance for this unit @ 1:
L13: 5 | AS13: Live Updating | AW13: Centered Data | AZ13: Sum of squares | BA13: Vectored Deviation | BD13: Absolute Centered Data | BH13: +TOL | BI13: -TOL | BK13: Metric
D14: Test | F14: X | G14: Y | H14: Z | L14: 6 | AR14: X | AS14: Y | AT14: Z | AV14: X | AW14: Y | AX14: Z | BC14: X | BD14: Y | BE14: Z
D15: 1 | F15: =AV15 -> 0 | G15: =AW15 -> 0 | H15: =AX15 -> 0 | L15: 7 | AR15: =IF(M9="",0,IF(BK15=TRUE,M9/25.4,M9)) -> 0 | AS15: =IF(N9="",0,IF(BK15=TRUE,N9/25.4,N9)) -> 0 | AT15: =IF(O9="",0,IF(BK15=TRUE,O9/25.4,O9)) -> 0 | AV15: =AR15-AR29 -> 0 | AW15: =AS15-AS29 -> 0 | AX15: =AT15-AT29 -> 0 | AZ15: =SUMSQ(AV15:AX15) -> 0 | BA15: =SQRT(AZ15) -> 0 | BC15: =ABS(AV15) -> 0 | BD15: =ABS(AW15) -> 0 | BE15: =ABS(AX15) -> 0 | BH15: =AS11 -> #N/A | BI15: =BH15*(-1) -> #N/A | BK15: =AU11 -> FALSE
D16: 2 | F16: =AV16 -> 0 | G16: =AW16 -> 0 | H16: =AX16 -> 0 | L16: 8 | AR16: =IF(M10="",AR15,IF(BK16=TRUE,M10/25.4,M10)) -> 0 | AS16: =IF(N10="",AS15,IF(BK16=TRUE,N10/25.4,N10)) -> 0 | AT16: =IF(O10="",AT15,IF(BK16=TRUE,O10/25.4,O10)) -> 0 | AV16: =AR16-AR29 -> 0 | AW16: =AS16-AS29 -> 0 | AX16: =AT16-AT29 -> 0 | AZ16: =SUMSQ(AV16:AX16) -> 0 | BA16: =SQRT(AZ16) -> 0 | BC16: =ABS(AV16) -> 0 | BD16: =ABS(AW16) -> 0 | BE16: =ABS(AX16) -> 0 | BH16: =BH15 -> #N/A | BI16: =BI15 -> #N/A | BK16: =BK15 -> FALSE
D17: 3 | F17: =AV17 -> 0 | G17: =AW17 -> 0 | H17: =AX17 -> 0 | L17: 9 | AR17: =IF(M11="",AVERAGE(AR15:AR16),IF(BK17=TRUE,M11/25.4,M11)) -> 0 | AS17: =IF(N11="",AVERAGE(AS15:AS16),IF(BK17=TRUE,N11/25.4,N11)) -> 0 | AT17: =IF(O11="",AVERAGE(AT15:AT16),IF(BK17=TRUE,O11/25.4,O11)) -> 0 | AV17: =AR17-AR29 -> 0 | AW17: =AS17-AS29 -> 0 | AX17: =AT17-AT29 -> 0 | AZ17: =SUMSQ(AV17:AX17) -> 0 | BA17: =SQRT(AZ17) -> 0 | BC17: =ABS(AV17) -> 0 | BD17: =ABS(AW17) -> 0 | BE17: =ABS(AX17) -> 0 | BH17: =BH16 -> #N/A | BI17: =BI16 -> #N/A | BK17: =BK16 -> FALSE
D18: 4 | F18: =AV18 -> 0 | G18: =AW18 -> 0 | H18: =AX18 -> 0 | L18: 10 | AR18: =IF(M12="",AVERAGE(AR15:AR17),IF(BK18=TRUE,M12/25.4,M12)) -> 0 | AS18: =IF(N12="",AVERAGE(AS15:AS17),IF(BK18=TRUE,N12/25.4,N12)) -> 0 | AT18: =IF(O12="",AVERAGE(AT15:AT17),IF(BK18=TRUE,O12/25.4,O12)) -> 0 | AV18: =AR18-AR29 -> 0 | AW18: =AS18-AS29 -> 0 | AX18: =AT18-AT29 -> 0 | AZ18: =SUMSQ(AV18:AX18) -> 0 | BA18: =SQRT(AZ18) -> 0 | BC18: =ABS(AV18) -> 0 | BD18: =ABS(AW18) -> 0 | BE18: =ABS(AX18) -> 0 | BH18: =BH17 -> #N/A | BI18: =BI17 -> #N/A | BK18: =BK17 -> FALSE
D19: 5 | F19: =AV19 -> 0 | G19: =AW19 -> 0 | H19: =AX19 -> 0 | L19: (Max-Min/2): | M19: =AR30 -> 0 | N19: =AS30 -> 0 | O19: =AT30 -> 0 | AR19: =IF(M13="",AVERAGE(AR15:AR18),IF(BK19=TRUE,M13/25.4,M13)) -> 0 | AS19: =IF(N13="",AVERAGE(AS15:AS18),IF(BK19=TRUE,N13/25.4,N13)) -> 0 | AT19: =IF(O13="",AVERAGE(AT15:AT18),IF(BK19=TRUE,O13/25.4,O13)) -> 0 | AV19: =AR19-AR29 -> 0 | AW19: =AS19-AS29 -> 0 | AX19: =AT19-AT29 -> 0 | AZ19: =SUMSQ(AV19:AX19) -> 0 | BA19: =SQRT(AZ19) -> 0 | BC19: =ABS(AV19) -> 0 | BD19: =ABS(AW19) -> 0 | BE19: =ABS(AX19) -> 0 | BH19: =BH18 -> #N/A | BI19: =BI18 -> #N/A | BK19: =BK18 -> FALSE
D20: 6 | F20: =AV20 -> 0 | G20: =AW20 -> 0 | H20: =AX20 -> 0 | L20: 2 Sigma: | N20: =BA37 -> 0 | AR20: =IF(M14="",AVERAGE(AR15:AR19),IF(BK20=TRUE,M14/25.4,M14)) -> 0 | AS20: =IF(N14="",AVERAGE(AS15:AS19),IF(BK20=TRUE,N14/25.4,N14)) -> 0 | AT20: =IF(O14="",AVERAGE(AT15:AT19),IF(BK20=TRUE,O14/25.4,O14)) -> 0 | AV20: =AR20-AR29 -> 0 | AW20: =AS20-AS29 -> 0 | AX20: =AT20-AT29 -> 0 | AZ20: =SUMSQ(AV20:AX20) -> 0 | BA20: =SQRT(AZ20) -> 0 | BC20: =ABS(AV20) -> 0 | BD20: =ABS(AW20) -> 0 | BE20: =ABS(AX20) -> 0 | BH20: =BH19 -> #N/A | BI20: =BI19 -> #N/A | BK20: =BK19 -> FALSE
D21: 7 | F21: =AV21 -> 0 | G21: =AW21 -> 0 | H21: =AX21 -> 0 | L21: Tolerance: | M21: =AT12 -> (Max-Min/2) | N21: =AS11 -> #N/A | AR21: =IF(M15="",AVERAGE(AR15:AR20),IF(BK21=TRUE,M15/25.4,M15)) -> 0 | AS21: =IF(N15="",AVERAGE(AS15:AS20),IF(BK21=TRUE,N15/25.4,N15)) -> 0 | AT21: =IF(O15="",AVERAGE(AT15:AT20),IF(BK21=TRUE,O15/25.4,O15)) -> 0 | AV21: =AR21-AR29 -> 0 | AW21: =AS21-AS29 -> 0 | AX21: =AT21-AT29 -> 0 | AZ21: =SUMSQ(AV21:AX21) -> 0 | BA21: =SQRT(AZ21) -> 0 | BC21: =ABS(AV21) -> 0 | BD21: =ABS(AW21) -> 0 | BE21: =ABS(AX21) -> 0 | BH21: =BH20 -> #N/A | BI21: =BI20 -> #N/A | BK21: =BK20 -> FALSE
D22: 8 | F22: =AV22 -> 0 | G22: =AW22 -> 0 | H22: =AX22 -> 0 | M22: Result: | N22: =IF(AS12=1,MAX(M19:O19),N20) -> 0 | AR22: =IF(M16="",AVERAGE(AR15:AR21),IF(BK22=TRUE,M16/25.4,M16)) -> 0 | AS22: =IF(N16="",AVERAGE(AS15:AS21),IF(BK22=TRUE,N16/25.4,N16)) -> 0 | AT22: =IF(O16="",AVERAGE(AT15:AT21),IF(BK22=TRUE,O16/25.4,O16)) -> 0 | AV22: =AR22-AR29 -> 0 | AW22: =AS22-AS29 -> 0 | AX22: =AT22-AT29 -> 0 | AZ22: =SUMSQ(AV22:AX22) -> 0 | BA22: =SQRT(AZ22) -> 0 | BC22: =ABS(AV22) -> 0 | BD22: =ABS(AW22) -> 0 | BE22: =ABS(AX22) -> 0 | BH22: =BH21 -> #N/A | BI22: =BI21 -> #N/A | BK22: =BK21 -> FALSE
D23: 9 | F23: =AV23 -> 0 | G23: =AW23 -> 0 | H23: =AX23 -> 0 | L23: Scroll left or right | AR23: =IF(M17="",AVERAGE(AR15:AR22),IF(BK23=TRUE,M17/25.4,M17)) -> 0 | AS23: =IF(N17="",AVERAGE(AS15:AS22),IF(BK23=TRUE,N17/25.4,N17)) -> 0 | AT23: =IF(O17="",AVERAGE(AT15:AT22),IF(BK23=TRUE,O17/25.4,O17)) -> 0 | AV23: =AR23-AR29 -> 0 | AW23: =AS23-AS29 -> 0 | AX23: =AT23-AT29 -> 0 | AZ23: =SUMSQ(AV23:AX23) -> 0 | BA23: =SQRT(AZ23) -> 0 | BC23: =ABS(AV23) -> 0 | BD23: =ABS(AW23) -> 0 | BE23: =ABS(AX23) -> 0 | BH23: =BH22 -> #N/A | BI23: =BI22 -> #N/A | BK23: =BK22 -> FALSE
D24: 10 | F24: =AV24 -> 0 | G24: =AW24 -> 0 | H24: =AX24 -> 0 | L24: <-- Printable Data Sheet | AR24: =IF(M18="",AVERAGE(AR15:AR23),IF(BK24=TRUE,M18/25.4,M18)) -> 0 | AS24: =IF(N18="",AVERAGE(AS15:AS23),IF(BK24=TRUE,N18/25.4,N18)) -> 0 | AT24: =IF(O18="",AVERAGE(AT15:AT23),IF(BK24=TRUE,O18/25.4,O18)) -> 0 | AV24: =AR24-AR29 -> 0 | AW24: =AS24-AS29 -> 0 | AX24: =AT24-AT29 -> 0 | AZ24: =SUMSQ(AV24:AX24) -> 0 | BA24: =SQRT(AZ24) -> 0 | BC24: =ABS(AV24) -> 0 | BD24: =ABS(AW24) -> 0 | BE24: =ABS(AX24) -> 0 | BH24: =BH23 -> #N/A | BI24: =BI23 -> #N/A | BK24: =BK23 -> FALSE
L25: Calculations -->
D26: Minimum: | F26: =AV26 -> 0 | G26: =AW26 -> 0 | H26: =AX26 -> 0 | AQ26: Minimum: | AR26: =MIN(AR15:AR24) -> 0 | AS26: =MIN(AS15:AS24) -> 0 | AT26: =MIN(AT15:AT24) -> 0 | AU26: Minimum: | AV26: =MIN(AV15:AV24) -> 0 | AW26: =MIN(AW15:AW24) -> 0 | AX26: =MIN(AX15:AX24) -> 0 | AZ26: Minimum: | BA26: =MIN(BA15:BA24) -> 0
D27: Maximum: | F27: =AV27 -> 0 | G27: =AW27 -> 0 | H27: =AX27 -> 0 | AQ27: Maximum: | AR27: =MAX(AR15:AR24) -> 0 | AS27: =MAX(AS15:AS24) -> 0 | AT27: =MAX(AT15:AT24) -> 0 | AU27: Maximum: | AV27: =MAX(AV15:AV24) -> 0 | AW27: =MAX(AW15:AW24) -> 0 | AX27: =MAX(AX15:AX24) -> 0 | AZ27: Maximum: | BA27: =MAX(BA15:BA24) -> 0
D28: Average Deviation: | F28: =AV31 -> 0 | G28: =AW31 -> 0 | H28: =AX31 -> 0 | AQ28: Range: | AR28: =AR27-AR26 -> 0 | AS28: =AS27-AS26 -> 0 | AT28: =AT27-AT26 -> 0 | AU28: Range: | AV28: =AV27-AV26 -> 0 | AW28: =AW27-AW26 -> 0 | AX28: =AX27-AX26 -> 0 | AZ28: Range: | BA28: =BA27-BA26 -> 0
D29: Standard Deviation: | F29: =AV29 -> 0 | G29: =AW29 -> 0 | H29: =AX29 -> 0 | AQ29: Corrector: | AR29: =AVERAGE(AR15:AR24) -> 0 | AS29: =AVERAGE(AS15:AS24) -> 0 | AT29: =AVERAGE(AT15:AT24) -> 0 | AU29: 1 Std. Dev: | AV29: =_xlfn.STDEV.S(AV15:AV24) -> 0 | AW29: =_xlfn.STDEV.S(AW15:AW24) -> 0 | AX29: =_xlfn.STDEV.S(AX15:AX24) -> 0 | AZ29: 1 Std. Dev: | BA29: =_xlfn.STDEV.S(BA15:BA24) -> 0
D30: 2 Standard Deviations: | F30: =AV30 -> 0 | G30: =AW30 -> 0 | H30: =AX30 -> 0 | AQ30: (Max-Min/2) | AR30: =AR28/2 -> 0 | AS30: =AS28/2 -> 0 | AT30: =AT28/2 -> 0 | AU30: 2 Std. Dev: | AV30: =2*AV29 -> 0 | AW30: =2*AW29 -> 0 | AX30: =2*AX29 -> 0 | AZ30: 2 Std. Dev: | BA30: =2*BA29 -> 0
D31: (Max-Min)/2: | F31: =AR30 -> 0 | G31: =AS30 -> 0 | H31: =AT30 -> 0 | AU31: Average Deviation: | AV31: =AVERAGE(BC15:BC24) -> 0 | AW31: =AVERAGE(BD15:BD24) -> 0 | AX31: =AVERAGE(BE15:BE24) -> 0 | AZ31: Average: | BA31: =AVERAGE(BA15:BA24) -> 0
AU32: Average Deviation + 2 Sigma: | AV32: =AV31+AV30 -> 0 | AW32: =AW31+AW30 -> 0 | AX32: =AX31+AX30 -> 0 | AZ32: Average + 2 Sigma: | BA32: =BA31+BA30 -> 0
H33: Deviation @ 2 sigma expressed as a vector: | I33: =BA37 -> 0
H34: Maximum Deviation expressed as a vector: | I34: =BA27 -> 0 | BA34: =SUMSQ(BA15:BA24) -> 0
BA35: =BA34/9 -> 0
H36: ="Tolerance for this unit @ "&AT12&":" -> Tolerance for this unit @ (Max-Min/2): | I36: =AS11 -> #N/A | AZ36: Vectored Deviation at 1 Standard Deviation | BA36: =SQRT(BA35) -> 0
AZ37: Vectored Deviation at 2 Standard Deviations | BA37: =2*BA36 -> 0
D38: All results shown are in inches unless otherwise specified.

Sheet SPAT3
A1: ="Report No. "&AS4 -> Report No. 0 | K1: =AV10 -> Page 2 of 1
M2: SPAT (80-100%)
F3: Johnson Gage and Inspection, Inc. | AS3: Imported from other sheets
F4: 5920 West 21st Street North, Wichita, KS 67205 | M4: Temperature | O4: Metric | AR4: Report No.: | AS4: =Info!B1 -> 0
F5: Phone 316.943.7532 FAX 316.944.6256 | M5: Humidity | AR5: Customer: | AS5: =Info!B2 -> 0
AR6: Machine I.D: | AS6: =Info!D14 -> #N/A
F7: Single Point Articulation Test Record (80-100%) | N7: Raw Data | AR7: Serial No: | AS7: =Info!B8 -> 0
M8: X | N8: Y | O8: Z | AR8: Date Tested: | AS8: =Info!B5 -> 0
B9: Customer: | C9: =AS5 -> 0 | L9: 1 | AR9: Tested By: | AS9: =Info!B6 -> 0 | AT9: 3 Loc: | AU9: =IF(Switches!BC3=3,TRUE,FALSE) -> FALSE
B10: Machine I.D: | C10: =AS6 -> #N/A | I10: Date Tested: | J10: =AS8 -> 0 | L10: 2 | AR10: Page: | AS10: =Switches!BJ3+2 -> 2 | AT10: Pages: | AU10: =Switches!BI8 -> 1 | AV10: ="Page "&AS10&" of "&AU10 -> Page 2 of 1
B11: Serial No: | C11: =AS7 -> 0 | I11: Tested By: | J11: =AS9 -> 0 | L11: 3 | AR11: Tolerance: | AS11: =Switches!I4 -> #N/A | AT11: Metric: | AU11: =Switches!Y4 -> FALSE
L12: 4 | AR12: Tolerance Method: | AS12: =Switches!AA2 -> 1 | AT12: =IF(AS12=1,Switches!AB2,IF(AS12=2,Switches!AB3,"error")) -> (Max-Min/2) | AV12: ="Tolerance for this unit @ "&AS12&": " -> Tolerance for this unit @ 1:
L13: 5 | AS13: Live Updating | AW13: Centered Data | AZ13: Sum of squares | BA13: Vectored Deviation | BD13: Absolute Centered Data | BH13: +TOL | BI13: -TOL | BK13: Metric
D14: Test | F14: X | G14: Y | H14: Z | L14: 6 | AR14: X | AS14: Y | AT14: Z | AV14: X | AW14: Y | AX14: Z | BC14: X | BD14: Y | BE14: Z
D15: 1 | F15: =AV15 -> 0 | G15: =AW15 -> 0 | H15: =AX15 -> 0 | L15: 7 | AR15: =IF(M9="",0,IF(BK15=TRUE,M9/25.4,M9)) -> 0 | AS15: =IF(N9="",0,IF(BK15=TRUE,N9/25.4,N9)) -> 0 | AT15: =IF(O9="",0,IF(BK15=TRUE,O9/25.4,O9)) -> 0 | AV15: =AR15-AR29 -> 0 | AW15: =AS15-AS29 -> 0 | AX15: =AT15-AT29 -> 0 | AZ15: =SUMSQ(AV15:AX15) -> 0 | BA15: =SQRT(AZ15) -> 0 | BC15: =ABS(AV15) -> 0 | BD15: =ABS(AW15) -> 0 | BE15: =ABS(AX15) -> 0 | BH15: =AS11 -> #N/A | BI15: =BH15*(-1) -> #N/A | BK15: =AU11 -> FALSE
D16: 2 | F16: =AV16 -> 0 | G16: =AW16 -> 0 | H16: =AX16 -> 0 | L16: 8 | AR16: =IF(M10="",AR15,IF(BK16=TRUE,M10/25.4,M10)) -> 0 | AS16: =IF(N10="",AS15,IF(BK16=TRUE,N10/25.4,N10)) -> 0 | AT16: =IF(O10="",AT15,IF(BK16=TRUE,O10/25.4,O10)) -> 0 | AV16: =AR16-AR29 -> 0 | AW16: =AS16-AS29 -> 0 | AX16: =AT16-AT29 -> 0 | AZ16: =SUMSQ(AV16:AX16) -> 0 | BA16: =SQRT(AZ16) -> 0 | BC16: =ABS(AV16) -> 0 | BD16: =ABS(AW16) -> 0 | BE16: =ABS(AX16) -> 0 | BH16: =BH15 -> #N/A | BI16: =BI15 -> #N/A | BK16: =BK15 -> FALSE
D17: 3 | F17: =AV17 -> 0 | G17: =AW17 -> 0 | H17: =AX17 -> 0 | L17: 9 | AR17: =IF(M11="",AVERAGE(AR15:AR16),IF(BK17=TRUE,M11/25.4,M11)) -> 0 | AS17: =IF(N11="",AVERAGE(AS15:AS16),IF(BK17=TRUE,N11/25.4,N11)) -> 0 | AT17: =IF(O11="",AVERAGE(AT15:AT16),IF(BK17=TRUE,O11/25.4,O11)) -> 0 | AV17: =AR17-AR29 -> 0 | AW17: =AS17-AS29 -> 0 | AX17: =AT17-AT29 -> 0 | AZ17: =SUMSQ(AV17:AX17) -> 0 | BA17: =SQRT(AZ17) -> 0 | BC17: =ABS(AV17) -> 0 | BD17: =ABS(AW17) -> 0 | BE17: =ABS(AX17) -> 0 | BH17: =BH16 -> #N/A | BI17: =BI16 -> #N/A | BK17: =BK16 -> FALSE
D18: 4 | F18: =AV18 -> 0 | G18: =AW18 -> 0 | H18: =AX18 -> 0 | L18: 10 | AR18: =IF(M12="",AVERAGE(AR15:AR17),IF(BK18=TRUE,M12/25.4,M12)) -> 0 | AS18: =IF(N12="",AVERAGE(AS15:AS17),IF(BK18=TRUE,N12/25.4,N12)) -> 0 | AT18: =IF(O12="",AVERAGE(AT15:AT17),IF(BK18=TRUE,O12/25.4,O12)) -> 0 | AV18: =AR18-AR29 -> 0 | AW18: =AS18-AS29 -> 0 | AX18: =AT18-AT29 -> 0 | AZ18: =SUMSQ(AV18:AX18) -> 0 | BA18: =SQRT(AZ18) -> 0 | BC18: =ABS(AV18) -> 0 | BD18: =ABS(AW18) -> 0 | BE18: =ABS(AX18) -> 0 | BH18: =BH17 -> #N/A | BI18: =BI17 -> #N/A | BK18: =BK17 -> FALSE
D19: 5 | F19: =AV19 -> 0 | G19: =AW19 -> 0 | H19: =AX19 -> 0 | L19: (Max-Min/2): | M19: =AR30 -> 0 | N19: =AS30 -> 0 | O19: =AT30 -> 0 | AR19: =IF(M13="",AVERAGE(AR15:AR18),IF(BK19=TRUE,M13/25.4,M13)) -> 0 | AS19: =IF(N13="",AVERAGE(AS15:AS18),IF(BK19=TRUE,N13/25.4,N13)) -> 0 | AT19: =IF(O13="",AVERAGE(AT15:AT18),IF(BK19=TRUE,O13/25.4,O13)) -> 0 | AV19: =AR19-AR29 -> 0 | AW19: =AS19-AS29 -> 0 | AX19: =AT19-AT29 -> 0 | AZ19: =SUMSQ(AV19:AX19) -> 0 | BA19: =SQRT(AZ19) -> 0 | BC19: =ABS(AV19) -> 0 | BD19: =ABS(AW19) -> 0 | BE19: =ABS(AX19) -> 0 | BH19: =BH18 -> #N/A | BI19: =BI18 -> #N/A | BK19: =BK18 -> FALSE
D20: 6 | F20: =AV20 -> 0 | G20: =AW20 -> 0 | H20: =AX20 -> 0 | L20: 2 Sigma: | N20: =BA37 -> 0 | AR20: =IF(M14="",AVERAGE(AR15:AR19),IF(BK20=TRUE,M14/25.4,M14)) -> 0 | AS20: =IF(N14="",AVERAGE(AS15:AS19),IF(BK20=TRUE,N14/25.4,N14)) -> 0 | AT20: =IF(O14="",AVERAGE(AT15:AT19),IF(BK20=TRUE,O14/25.4,O14)) -> 0 | AV20: =AR20-AR29 -> 0 | AW20: =AS20-AS29 -> 0 | AX20: =AT20-AT29 -> 0 | AZ20: =SUMSQ(AV20:AX20) -> 0 | BA20: =SQRT(AZ20) -> 0 | BC20: =ABS(AV20) -> 0 | BD20: =ABS(AW20) -> 0 | BE20: =ABS(AX20) -> 0 | BH20: =BH19 -> #N/A | BI20: =BI19 -> #N/A | BK20: =BK19 -> FALSE
D21: 7 | F21: =AV21 -> 0 | G21: =AW21 -> 0 | H21: =AX21 -> 0 | L21: Tolerance: | M21: =AT12 -> (Max-Min/2) | N21: =AS11 -> #N/A | AR21: =IF(M15="",AVERAGE(AR15:AR20),IF(BK21=TRUE,M15/25.4,M15)) -> 0 | AS21: =IF(N15="",AVERAGE(AS15:AS20),IF(BK21=TRUE,N15/25.4,N15)) -> 0 | AT21: =IF(O15="",AVERAGE(AT15:AT20),IF(BK21=TRUE,O15/25.4,O15)) -> 0 | AV21: =AR21-AR29 -> 0 | AW21: =AS21-AS29 -> 0 | AX21: =AT21-AT29 -> 0 | AZ21: =SUMSQ(AV21:AX21) -> 0 | BA21: =SQRT(AZ21) -> 0 | BC21: =ABS(AV21) -> 0 | BD21: =ABS(AW21) -> 0 | BE21: =ABS(AX21) -> 0 | BH21: =BH20 -> #N/A | BI21: =BI20 -> #N/A | BK21: =BK20 -> FALSE
D22: 8 | F22: =AV22 -> 0 | G22: =AW22 -> 0 | H22: =AX22 -> 0 | M22: Result: | N22: =IF(AS12=1,MAX(M19:O19),N20) -> 0 | AR22: =IF(M16="",AVERAGE(AR15:AR21),IF(BK22=TRUE,M16/25.4,M16)) -> 0 | AS22: =IF(N16="",AVERAGE(AS15:AS21),IF(BK22=TRUE,N16/25.4,N16)) -> 0 | AT22: =IF(O16="",AVERAGE(AT15:AT21),IF(BK22=TRUE,O16/25.4,O16)) -> 0 | AV22: =AR22-AR29 -> 0 | AW22: =AS22-AS29 -> 0 | AX22: =AT22-AT29 -> 0 | AZ22: =SUMSQ(AV22:AX22) -> 0 | BA22: =SQRT(AZ22) -> 0 | BC22: =ABS(AV22) -> 0 | BD22: =ABS(AW22) -> 0 | BE22: =ABS(AX22) -> 0 | BH22: =BH21 -> #N/A | BI22: =BI21 -> #N/A | BK22: =BK21 -> FALSE
D23: 9 | F23: =AV23 -> 0 | G23: =AW23 -> 0 | H23: =AX23 -> 0 | L23: Scroll left or right | AR23: =IF(M17="",AVERAGE(AR15:AR22),IF(BK23=TRUE,M17/25.4,M17)) -> 0 | AS23: =IF(N17="",AVERAGE(AS15:AS22),IF(BK23=TRUE,N17/25.4,N17)) -> 0 | AT23: =IF(O17="",AVERAGE(AT15:AT22),IF(BK23=TRUE,O17/25.4,O17)) -> 0 | AV23: =AR23-AR29 -> 0 | AW23: =AS23-AS29 -> 0 | AX23: =AT23-AT29 -> 0 | AZ23: =SUMSQ(AV23:AX23) -> 0 | BA23: =SQRT(AZ23) -> 0 | BC23: =ABS(AV23) -> 0 | BD23: =ABS(AW23) -> 0 | BE23: =ABS(AX23) -> 0 | BH23: =BH22 -> #N/A | BI23: =BI22 -> #N/A | BK23: =BK22 -> FALSE
D24: 10 | F24: =AV24 -> 0 | G24: =AW24 -> 0 | H24: =AX24 -> 0 | L24: <-- Printable Data Sheet | AR24: =IF(M18="",AVERAGE(AR15:AR23),IF(BK24=TRUE,M18/25.4,M18)) -> 0 | AS24: =IF(N18="",AVERAGE(AS15:AS23),IF(BK24=TRUE,N18/25.4,N18)) -> 0 | AT24: =IF(O18="",AVERAGE(AT15:AT23),IF(BK24=TRUE,O18/25.4,O18)) -> 0 | AV24: =AR24-AR29 -> 0 | AW24: =AS24-AS29 -> 0 | AX24: =AT24-AT29 -> 0 | AZ24: =SUMSQ(AV24:AX24) -> 0 | BA24: =SQRT(AZ24) -> 0 | BC24: =ABS(AV24) -> 0 | BD24: =ABS(AW24) -> 0 | BE24: =ABS(AX24) -> 0 | BH24: =BH23 -> #N/A | BI24: =BI23 -> #N/A | BK24: =BK23 -> FALSE
L25: Calculations -->
D26: Minimum: | F26: =AV26 -> 0 | G26: =AW26 -> 0 | H26: =AX26 -> 0 | AQ26: Minimum: | AR26: =MIN(AR15:AR24) -> 0 | AS26: =MIN(AS15:AS24) -> 0 | AT26: =MIN(AT15:AT24) -> 0 | AU26: Minimum: | AV26: =MIN(AV15:AV24) -> 0 | AW26: =MIN(AW15:AW24) -> 0 | AX26: =MIN(AX15:AX24) -> 0 | AZ26: Minimum: | BA26: =MIN(BA15:BA24) -> 0
D27: Maximum: | F27: =AV27 -> 0 | G27: =AW27 -> 0 | H27: =AX27 -> 0 | AQ27: Maximum: | AR27: =MAX(AR15:AR24) -> 0 | AS27: =MAX(AS15:AS24) -> 0 | AT27: =MAX(AT15:AT24) -> 0 | AU27: Maximum: | AV27: =MAX(AV15:AV24) -> 0 | AW27: =MAX(AW15:AW24) -> 0 | AX27: =MAX(AX15:AX24) -> 0 | AZ27: Maximum: | BA27: =MAX(BA15:BA24) -> 0
D28: Average Deviation: | F28: =AV31 -> 0 | G28: =AW31 -> 0 | H28: =AX31 -> 0 | AQ28: Range: | AR28: =AR27-AR26 -> 0 | AS28: =AS27-AS26 -> 0 | AT28: =AT27-AT26 -> 0 | AU28: Range: | AV28: =AV27-AV26 -> 0 | AW28: =AW27-AW26 -> 0 | AX28: =AX27-AX26 -> 0 | AZ28: Range: | BA28: =BA27-BA26 -> 0
D29: Standard Deviation: | F29: =AV29 -> 0 | G29: =AW29 -> 0 | H29: =AX29 -> 0 | AQ29: Corrector: | AR29: =AVERAGE(AR15:AR24) -> 0 | AS29: =AVERAGE(AS15:AS24) -> 0 | AT29: =AVERAGE(AT15:AT24) -> 0 | AU29: 1 Std. Dev: | AV29: =_xlfn.STDEV.S(AV15:AV24) -> 0 | AW29: =_xlfn.STDEV.S(AW15:AW24) -> 0 | AX29: =_xlfn.STDEV.S(AX15:AX24) -> 0 | AZ29: 1 Std. Dev: | BA29: =_xlfn.STDEV.S(BA15:BA24) -> 0
D30: 2 Standard Deviations: | F30: =AV30 -> 0 | G30: =AW30 -> 0 | H30: =AX30 -> 0 | AQ30: (Max-Min/2) | AR30: =AR28/2 -> 0 | AS30: =AS28/2 -> 0 | AT30: =AT28/2 -> 0 | AU30: 2 Std. Dev: | AV30: =2*AV29 -> 0 | AW30: =2*AW29 -> 0 | AX30: =2*AX29 -> 0 | AZ30: 2 Std. Dev: | BA30: =2*BA29 -> 0
D31: (Max-Min)/2: | F31: =AR30 -> 0 | G31: =AS30 -> 0 | H31: =AT30 -> 0 | AU31: Average Deviation: | AV31: =AVERAGE(BC15:BC24) -> 0 | AW31: =AVERAGE(BD15:BD24) -> 0 | AX31: =AVERAGE(BE15:BE24) -> 0 | AZ31: Average: | BA31: =AVERAGE(BA15:BA24) -> 0
AU32: Average Deviation + 2 Sigma: | AV32: =AV31+AV30 -> 0 | AW32: =AW31+AW30 -> 0 | AX32: =AX31+AX30 -> 0 | AZ32: Average + 2 Sigma: | BA32: =BA31+BA30 -> 0
H33: Deviation @ 2 sigma expressed as a vector: | I33: =BA37 -> 0
H34: Maximum Deviation expressed as a vector: | I34: =BA27 -> 0 | BA34: =SUMSQ(BA15:BA24) -> 0
BA35: =BA34/9 -> 0
H36: ="Tolerance for this unit @ "&AT12&":" -> Tolerance for this unit @ (Max-Min/2): | I36: =AS11 -> #N/A | AZ36: Vectored Deviation at 1 Standard Deviation | BA36: =SQRT(BA35) -> 0
AZ37: Vectored Deviation at 2 Standard Deviations | BA37: =2*BA36 -> 0
D38: All results shown are in inches unless otherwise specified.

Sheet Length
B1: Report No. | C1: =BI16 -> 0 | K1: ="Page "&BI22&" of "&BK22 -> Page 1 of 1
F3: Johnson Gage and Inspection, Inc.
F4: 5920 West 21st Street North, Wichita, KS 67205
F5: Phone 316.943.7532 FAX 316.944.6256
F7: Length Accuracy Test Record
B9: Customer: | C9: =BI17 -> 0
B10: Machine I.D: | C10: =BI18 -> #N/A | I10: Date Tested: | J10: =BI20 -> 0 | N10: Minimum Length | P10: Temperature: | Q10: =R36 -> 68 | R10: Humidity: | U10: Metric
B11: Serial No: | C11: =BI19 -> 0 | I11: Tested By: | J11: =BI21 -> 0 | N11: =ROUNDUP(BI25/4,0) -> #N/A | P11: MTE: | Q11: =BI27 -> 6e-06
N12: Nominal Length | P12: CorrFactor: | Q12: =1-((Q10-68)*Q11) -> 1 | R12: Result: | S12: =IF(BI24=1,AX40,IF(BI24=2,N43,IF(BI24=3,AX41,"error"))) -> 0 | U12: Temp Comp
G13: Test Bar Length: | H13: =TEXT(N13,"0.00000")&"""" -> 0.00000" | N13: =BI26 -> 0 | R13: Tolerance: | S13: =BI23 -> #N/A | AO13: =ROUND(BI26,0) -> 0
Q14: =IF($BK$23=TRUE,N13*25.4,N13) -> 0
C15: Test | D15: Zone | E15: Direction | H15: Reading | M15: Test | N15: CorrData | Q15: Raw Data | R15: Temperature | AO15: NOM | AP15: +TOL | AQ15: -TOL | AX15: Deviation | AZ15: Temp | BA15: MTE | BB15: Correction Factor | BD15: Dev Square | BI15: Imported from other sheets
C16: 1 | D16: 1 | E16: X | H16: =TEXT(N16,"0.00000")&"""" -> 0.00000" | M16: 1 | N16: =IF(Q16="",$N$13,ROUND(BB16*AU16,5)) -> 0 | P16: =IF(N16=$N$13,"",IF(N16=$O$37,"Min",IF(N16=$O$38,"Max",""))) | AO16: =BI26 -> 0 | AP16: =N13+BI23 -> #N/A | AQ16: =N13-BI23 -> #N/A | AU16: =IF($BK$23=TRUE,Q16/25.4,Q16) -> 0 | AX16: =N16-AO16 -> 0 | AZ16: =IF(R16="",68,R16) -> 68 | BA16: =Q11 -> 6e-06 | BB16: =IF($BI$28=TRUE,1-((AZ16-68)*BA16),1) -> 1 | BD16: =AX16*AX16 -> 0 | BH16: Report No.: | BI16: =Info!B1 -> 0
C17: 2 | D17: 1 | E17: XY | H17: =TEXT(N17,"0.00000")&"""" -> 0.00000" | M17: 2 | N17: =IF(Q17="",$N$13,ROUND(BB17*AU17,5)) -> 0 | P17: =IF(N17=$N$13,"",IF(N17=$O$37,"Min",IF(N17=$O$38,"Max",""))) | AO17: =AO16 -> 0 | AP17: =AP16 -> #N/A | AQ17: =AQ16 -> #N/A | AU17: =IF($BK$23=TRUE,Q17/25.4,Q17) -> 0 | AX17: =N17-AO17 -> 0 | AZ17: =IF(R17="",AZ16,R17) -> 68 | BA17: =BA16 -> 6e-06 | BB17: =IF($BI$28=TRUE,1-((AZ17-68)*BA17),1) -> 1 | BD17: =AX17*AX17 -> 0 | BH17: Customer: | BI17: =Info!B2 -> 0
C18: 3 | D18: 1 | E18: Y | H18: =TEXT(N18,"0.00000")&"""" -> 0.00000" | M18: 3 | N18: =IF(Q18="",$N$13,ROUND(BB18*AU18,5)) -> 0 | P18: =IF(N18=$N$13,"",IF(N18=$O$37,"Min",IF(N18=$O$38,"Max",""))) | AO18: =AO17 -> 0 | AP18: =AP17 -> #N/A | AQ18: =AQ17 -> #N/A | AU18: =IF($BK$23=TRUE,Q18/25.4,Q18) -> 0 | AX18: =N18-AO18 -> 0 | AZ18: =IF(R18="",AVERAGE(AZ$16:AZ17),R18) -> 68 | BA18: =BA17 -> 6e-06 | BB18: =IF($BI$28=TRUE,1-((AZ18-68)*BA18),1) -> 1 | BD18: =AX18*AX18 -> 0 | BH18: Machine I.D: | BI18: =Info!D14 -> #N/A
C19: 4 | D19: 1 | E19: YX | H19: =TEXT(N19,"0.00000")&"""" -> 0.00000" | M19: 4 | N19: =IF(Q19="",$N$13,ROUND(BB19*AU19,5)) -> 0 | P19: =IF(N19=$N$13,"",IF(N19=$O$37,"Min",IF(N19=$O$38,"Max",""))) | AO19: =AO18 -> 0 | AP19: =AP18 -> #N/A | AQ19: =AQ18 -> #N/A | AU19: =IF($BK$23=TRUE,Q19/25.4,Q19) -> 0 | AX19: =N19-AO19 -> 0 | AZ19: =IF(R19="",AVERAGE(AZ$16:AZ18),R19) -> 68 | BA19: =BA18 -> 6e-06 | BB19: =IF($BI$28=TRUE,1-((AZ19-68)*BA19),1) -> 1 | BD19: =AX19*AX19 -> 0 | BH19: Serial No: | BI19: =Info!B8 -> 0
C20: 5 | D20: 1 | E20: Z | H20: =TEXT(N20,"0.00000")&"""" -> 0.00000" | M20: 5 | N20: =IF(Q20="",$N$13,ROUND(BB20*AU20,5)) -> 0 | P20: =IF(N20=$N$13,"",IF(N20=$O$37,"Min",IF(N20=$O$38,"Max",""))) | AO20: =AO19 -> 0 | AP20: =AP19 -> #N/A | AQ20: =AQ19 -> #N/A | AU20: =IF($BK$23=TRUE,Q20/25.4,Q20) -> 0 | AX20: =N20-AO20 -> 0 | AZ20: =IF(R20="",AVERAGE(AZ$16:AZ19),R20) -> 68 | BA20: =BA19 -> 6e-06 | BB20: =IF($BI$28=TRUE,1-((AZ20-68)*BA20),1) -> 1 | BD20: =AX20*AX20 -> 0 | BH20: Date Tested: | BI20: =Info!B5 -> 0
C21: 6 | D21: 2 | E21: X | H21: =TEXT(N21,"0.00000")&"""" -> 0.00000" | M21: 6 | N21: =IF(Q21="",$N$13,ROUND(BB21*AU21,5)) -> 0 | P21: =IF(N21=$N$13,"",IF(N21=$O$37,"Min",IF(N21=$O$38,"Max",""))) | AO21: =AO20 -> 0 | AP21: =AP20 -> #N/A | AQ21: =AQ20 -> #N/A | AU21: =IF($BK$23=TRUE,Q21/25.4,Q21) -> 0 | AX21: =N21-AO21 -> 0 | AZ21: =IF(R21="",AVERAGE(AZ$16:AZ20),R21) -> 68 | BA21: =BA20 -> 6e-06 | BB21: =IF($BI$28=TRUE,1-((AZ21-68)*BA21),1) -> 1 | BD21: =AX21*AX21 -> 0 | BH21: Tested By: | BI21: =Info!B6 -> 0
C22: 7 | D22: 2 | E22: XY | H22: =TEXT(N22,"0.00000")&"""" -> 0.00000" | M22: 7 | N22: =IF(Q22="",$N$13,ROUND(BB22*AU22,5)) -> 0 | P22: =IF(N22=$N$13,"",IF(N22=$O$37,"Min",IF(N22=$O$38,"Max",""))) | AO22: =AO21 -> 0 | AP22: =AP21 -> #N/A | AQ22: =AQ21 -> #N/A | AU22: =IF($BK$23=TRUE,Q22/25.4,Q22) -> 0 | AX22: =N22-AO22 -> 0 | AZ22: =IF(R22="",AVERAGE(AZ$16:AZ21),R22) -> 68 | BA22: =BA21 -> 6e-06 | BB22: =IF($BI$28=TRUE,1-((AZ22-68)*BA22),1) -> 1 | BD22: =AX22*AX22 -> 0 | BH22: Page: | BI22: =Switches!BJ4 -> 1 | BJ22: Pages: | BK22: =Switches!BI8 -> 1
C23: 8 | D23: 2 | E23: Y | H23: =TEXT(N23,"0.00000")&"""" -> 0.00000" | M23: 8 | N23: =IF(Q23="",$N$13,ROUND(BB23*AU23,5)) -> 0 | P23: =IF(N23=$N$13,"",IF(N23=$O$37,"Min",IF(N23=$O$38,"Max",""))) | AO23: =AO22 -> 0 | AP23: =AP22 -> #N/A | AQ23: =AQ22 -> #N/A | AU23: =IF($BK$23=TRUE,Q23/25.4,Q23) -> 0 | AX23: =N23-AO23 -> 0 | AZ23: =IF(R23="",AVERAGE(AZ$16:AZ22),R23) -> 68 | BA23: =BA22 -> 6e-06 | BB23: =IF($BI$28=TRUE,1-((AZ23-68)*BA23),1) -> 1 | BD23: =AX23*AX23 -> 0 | BH23: Tolerance: | BI23: =Switches!J4 -> #N/A | BJ23: Metric: | BK23: =Switches!Y5 -> FALSE
C24: 9 | D24: 2 | E24: YX | H24: =TEXT(N24,"0.00000")&"""" -> 0.00000" | M24: 9 | N24: =IF(Q24="",$N$13,ROUND(BB24*AU24,5)) -> 0 | P24: =IF(N24=$N$13,"",IF(N24=$O$37,"Min",IF(N24=$O$38,"Max",""))) | AO24: =AO23 -> 0 | AP24: =AP23 -> #N/A | AQ24: =AQ23 -> #N/A | AU24: =IF($BK$23=TRUE,Q24/25.4,Q24) -> 0 | AX24: =N24-AO24 -> 0 | AZ24: =IF(R24="",AVERAGE(AZ$16:AZ23),R24) -> 68 | BA24: =BA23 -> 6e-06 | BB24: =IF($BI$28=TRUE,1-((AZ24-68)*BA24),1) -> 1 | BD24: =AX24*AX24 -> 0 | BH24: Tolerance Method: | BI24: =Switches!AC2 -> 1 | BJ24: =IF(BI24=1,Switches!AD2,IF(Length!BI24=2,Switches!AD3,IF(Length!BI24=3,Switches!AD4,"error"))) -> Max Dev
C25: 10 | D25: 2 | E25: Z | H25: =TEXT(N25,"0.00000")&"""" -> 0.00000" | M25: 10 | N25: =IF(Q25="",$N$13,ROUND(BB25*AU25,5)) -> 0 | P25: =IF(N25=$N$13,"",IF(N25=$O$37,"Min",IF(N25=$O$38,"Max",""))) | AO25: =AO24 -> 0 | AP25: =AP24 -> #N/A | AQ25: =AQ24 -> #N/A | AU25: =IF($BK$23=TRUE,Q25/25.4,Q25) -> 0 | AX25: =N25-AO25 -> 0 | AZ25: =IF(R25="",AVERAGE(AZ$16:AZ24),R25) -> 68 | BA25: =BA24 -> 6e-06 | BB25: =IF($BI$28=TRUE,1-((AZ25-68)*BA25),1) -> 1 | BD25: =AX25*AX25 -> 0 | BH25: Measuring Range: | BI25: =Info!B16 -> #N/A
C26: 11 | D26: 3 | E26: X | H26: =TEXT(N26,"0.00000")&"""" -> 0.00000" | M26: 11 | N26: =IF(Q26="",$N$13,ROUND(BB26*AU26,5)) -> 0 | P26: =IF(N26=$N$13,"",IF(N26=$O$37,"Min",IF(N26=$O$38,"Max",""))) | AO26: =AO25 -> 0 | AP26: =AP25 -> #N/A | AQ26: =AQ25 -> #N/A | AU26: =IF($BK$23=TRUE,Q26/25.4,Q26) -> 0 | AX26: =N26-AO26 -> 0 | AZ26: =IF(R26="",AVERAGE(AZ$16:AZ25),R26) -> 68 | BA26: =BA25 -> 6e-06 | BB26: =IF($BI$28=TRUE,1-((AZ26-68)*BA26),1) -> 1 | BD26: =AX26*AX26 -> 0 | BH26: Length: | BI26: =Switches!AR2 -> 0
C27: 12 | D27: 3 | E27: XY | H27: =TEXT(N27,"0.00000")&"""" -> 0.00000" | M27: 12 | N27: =IF(Q27="",$N$13,ROUND(BB27*AU27,5)) -> 0 | P27: =IF(N27=$N$13,"",IF(N27=$O$37,"Min",IF(N27=$O$38,"Max",""))) | AO27: =AO26 -> 0 | AP27: =AP26 -> #N/A | AQ27: =AQ26 -> #N/A | AU27: =IF($BK$23=TRUE,Q27/25.4,Q27) -> 0 | AX27: =N27-AO27 -> 0 | AZ27: =IF(R27="",AVERAGE(AZ$16:AZ26),R27) -> 68 | BA27: =BA26 -> 6e-06 | BB27: =IF($BI$28=TRUE,1-((AZ27-68)*BA27),1) -> 1 | BD27: =AX27*AX27 -> 0 | BH27: Block CTE | BI27: =Standards!J16 -> 6e-06
C28: 13 | D28: 3 | E28: Y | H28: =TEXT(N28,"0.00000")&"""" -> 0.00000" | M28: 13 | N28: =IF(Q28="",$N$13,ROUND(BB28*AU28,5)) -> 0 | P28: =IF(N28=$N$13,"",IF(N28=$O$37,"Min",IF(N28=$O$38,"Max",""))) | AO28: =AO27 -> 0 | AP28: =AP27 -> #N/A | AQ28: =AQ27 -> #N/A | AU28: =IF($BK$23=TRUE,Q28/25.4,Q28) -> 0 | AX28: =N28-AO28 -> 0 | AZ28: =IF(R28="",AVERAGE(AZ$16:AZ27),R28) -> 68 | BA28: =BA27 -> 6e-06 | BB28: =IF($BI$28=TRUE,1-((AZ28-68)*BA28),1) -> 1 | BD28: =AX28*AX28 -> 0 | BH28: Temp Comp | BI28: =Switches!Z5 -> TRUE
C29: 14 | D29: 3 | E29: YX | H29: =TEXT(N29,"0.00000")&"""" -> 0.00000" | M29: 14 | N29: =IF(Q29="",$N$13,ROUND(BB29*AU29,5)) -> 0 | P29: =IF(N29=$N$13,"",IF(N29=$O$37,"Min",IF(N29=$O$38,"Max",""))) | AO29: =AO28 -> 0 | AP29: =AP28 -> #N/A | AQ29: =AQ28 -> #N/A | AU29: =IF($BK$23=TRUE,Q29/25.4,Q29) -> 0 | AX29: =N29-AO29 -> 0 | AZ29: =IF(R29="",AVERAGE(AZ$16:AZ28),R29) -> 68 | BA29: =BA28 -> 6e-06 | BB29: =IF($BI$28=TRUE,1-((AZ29-68)*BA29),1) -> 1 | BD29: =AX29*AX29 -> 0
C30: 15 | D30: 3 | E30: Z | H30: =TEXT(N30,"0.00000")&"""" -> 0.00000" | M30: 15 | N30: =IF(Q30="",$N$13,ROUND(BB30*AU30,5)) -> 0 | P30: =IF(N30=$N$13,"",IF(N30=$O$37,"Min",IF(N30=$O$38,"Max",""))) | AO30: =AO29 -> 0 | AP30: =AP29 -> #N/A | AQ30: =AQ29 -> #N/A | AU30: =IF($BK$23=TRUE,Q30/25.4,Q30) -> 0 | AX30: =N30-AO30 -> 0 | AZ30: =IF(R30="",AVERAGE(AZ$16:AZ29),R30) -> 68 | BA30: =BA29 -> 6e-06 | BB30: =IF($BI$28=TRUE,1-((AZ30-68)*BA30),1) -> 1 | BD30: =AX30*AX30 -> 0
C31: 16 | D31: 4 | E31: X | H31: =TEXT(N31,"0.00000")&"""" -> 0.00000" | M31: 16 | N31: =IF(Q31="",$N$13,ROUND(BB31*AU31,5)) -> 0 | P31: =IF(N31=$N$13,"",IF(N31=$O$37,"Min",IF(N31=$O$38,"Max",""))) | AO31: =AO30 -> 0 | AP31: =AP30 -> #N/A | AQ31: =AQ30 -> #N/A | AU31: =IF($BK$23=TRUE,Q31/25.4,Q31) -> 0 | AX31: =N31-AO31 -> 0 | AZ31: =IF(R31="",AVERAGE(AZ$16:AZ30),R31) -> 68 | BA31: =BA30 -> 6e-06 | BB31: =IF($BI$28=TRUE,1-((AZ31-68)*BA31),1) -> 1 | BD31: =AX31*AX31 -> 0
C32: 17 | D32: 4 | E32: XY | H32: =TEXT(N32,"0.00000")&"""" -> 0.00000" | M32: 17 | N32: =IF(Q32="",$N$13,ROUND(BB32*AU32,5)) -> 0 | P32: =IF(N32=$N$13,"",IF(N32=$O$37,"Min",IF(N32=$O$38,"Max",""))) | AO32: =AO31 -> 0 | AP32: =AP31 -> #N/A | AQ32: =AQ31 -> #N/A | AU32: =IF($BK$23=TRUE,Q32/25.4,Q32) -> 0 | AX32: =N32-AO32 -> 0 | AZ32: =IF(R32="",AVERAGE(AZ$16:AZ31),R32) -> 68 | BA32: =BA31 -> 6e-06 | BB32: =IF($BI$28=TRUE,1-((AZ32-68)*BA32),1) -> 1 | BD32: =AX32*AX32 -> 0
C33: 18 | D33: 4 | E33: Y | H33: =TEXT(N33,"0.00000")&"""" -> 0.00000" | M33: 18 | N33: =IF(Q33="",$N$13,ROUND(BB33*AU33,5)) -> 0 | P33: =IF(N33=$N$13,"",IF(N33=$O$37,"Min",IF(N33=$O$38,"Max",""))) | AO33: =AO32 -> 0 | AP33: =AP32 -> #N/A | AQ33: =AQ32 -> #N/A | AU33: =IF($BK$23=TRUE,Q33/25.4,Q33) -> 0 | AX33: =N33-AO33 -> 0 | AZ33: =IF(R33="",AVERAGE(AZ$16:AZ32),R33) -> 68 | BA33: =BA32 -> 6e-06 | BB33: =IF($BI$28=TRUE,1-((AZ33-68)*BA33),1) -> 1 | BD33: =AX33*AX33 -> 0
C34: 19 | D34: 4 | E34: YX | H34: =TEXT(N34,"0.00000")&"""" -> 0.00000" | M34: 19 | N34: =IF(Q34="",$N$13,ROUND(BB34*AU34,5)) -> 0 | P34: =IF(N34=$N$13,"",IF(N34=$O$37,"Min",IF(N34=$O$38,"Max",""))) | AO34: =AO33 -> 0 | AP34: =AP33 -> #N/A | AQ34: =AQ33 -> #N/A | AU34: =IF($BK$23=TRUE,Q34/25.4,Q34) -> 0 | AX34: =N34-AO34 -> 0 | AZ34: =IF(R34="",AVERAGE(AZ$16:AZ33),R34) -> 68 | BA34: =BA33 -> 6e-06 | BB34: =IF($BI$28=TRUE,1-((AZ34-68)*BA34),1) -> 1 | BD34: =AX34*AX34 -> 0
C35: 20 | D35: 4 | E35: Z | H35: =TEXT(N35,"0.00000")&"""" -> 0.00000" | M35: 20 | N35: =IF(Q35="",$N$13,ROUND(BB35*AU35,5)) -> 0 | P35: =IF(N35=$N$13,"",IF(N35=$O$37,"Min",IF(N35=$O$38,"Max",""))) | AO35: =AO34 -> 0 | AP35: =AP34 -> #N/A | AQ35: =AQ34 -> #N/A | AU35: =IF($BK$23=TRUE,Q35/25.4,Q35) -> 0 | AX35: =N35-AO35 -> 0 | AZ35: =IF(R35="",AVERAGE(AZ$16:AZ34),R35) -> 68 | BA35: =BA34 -> 6e-06 | BB35: =IF($BI$28=TRUE,1-((AZ35-68)*BA35),1) -> 1 | BD35: =AX35*AX35 -> 0
R36: =ROUND(AVERAGE(AZ16:AZ35),1) -> 68 | S36: <---Average | AW36: Max | AX36: =MAX(AX16:AX35) -> 0
G37: Minimum: | H37: =TEXT(O37,"0.00000")&"""" -> 0.00000" | M37: Average: | N37: =AVERAGE(N16:N35) -> 0 | O37: =MIN(N16:N35) -> 0 | AW37: Min | AX37: =MIN(AX16:AX35) -> 0
G38: Maximum: | H38: =TEXT(O38,"0.00000")&"""" -> 0.00000" | M38: Deviation: | N38: =N37-N13 -> 0 | O38: =MAX(N16:N35) -> 0 | AW38: AbsMax | AX38: =ABS(AX36) -> 0
G39: Average Deviation: | H39: =TEXT(N38,"0.00000")&"""" -> 0.00000" | M39: 1 Std Dev: | N39: =_xlfn.STDEV.S(N16:N35) -> 0 | AW39: AbsMin | AX39: =ABS(AX37) -> 0
G40: Standard Deviation: | H40: =TEXT(N39,"0.00000")&"""" -> 0.00000" | M40: 2 Std Dev: | N40: =2*N39 -> 0 | AW40: Max Deviation | AX40: =IF(AX38>AX39,AX36,AX37) -> 0
G41: Average + 2 Sigma: | H41: =TEXT(N43,"0.00000")&"""" -> 0.00000" | M41: Abs Dev: | N41: =ABS(N38) -> 0 | AW41: 2RMS | AX41: =SQRT(SUM(BD16:BD35)/20)*2 -> 0
G42: Max Dev: | H42: =TEXT(AX40,"0.00000")&"""" -> 0.00000" | M42: AbsAvg+2S: | N42: =N41+N40 -> 0
G43: 2RMS: | H43: =TEXT(AX41,"0.00000")&"""" -> 0.00000" | M43: Avg+2S: | N43: =IF(N38>0,N42,-N42) -> 0
G44: ="Tolerance for this unit @ "&BJ24&":" -> Tolerance for this unit @ Max Dev: | H44: =TEXT(BI23,"0.00000")&"""" -> #N/A
C46: All results shown are in inches unless otherwise specified.

Sheet VPT (ASME)
C2: Radial Length: | D2: =AS16/2 -> #N/A | F2: Acceptable Block Length | H2: Note: Order column is the suggested order of measurement that CS finds most efficient but is strictly a matter of preference.
C3: Short: | D3: =ROUND(AS17,0) -> 0 | E3: =D2*0.5 -> #N/A | F3: to | G3: =D2*0.75 -> #N/A | H3: ^ | I3: Humidity | O3: Tolerance: | P3: =AS13 -> #N/A
C4: Long: | D4: =ROUND(AS18,0) -> 0 | E4: =D2*1.2 -> #N/A | F4: to | G4: =D2*1.5 -> #N/A | H4: ^^ | O4: Result: | P4: =IF(AS14=1,P30,IF(AS14=2,P34,IF(AS14=3,P32,0))) -> 0
H5: ^^^ | J5: Temperature | M5: GB CTE | O5: Crctd Lngt | P5: Deviation | AE5: Graph | AS5: Imported from other sheets
B6: Position | C6: Length | D6: Octants | E6: Inclination | F6: Distance | G6: Direction | H6: Order | I6: Measured | J6: T1 | K6: T2 | L6: Ta | M6: aBB | N6: Lc | O6: Lcal | P6: Di | Q6: Di2 | AD6: + Tol | AE6: - Tol | AF6: Nominal | AI6: Metric to Inch | AR6: Report No.: | AS6: =Info!B1 -> 0
B7: 1 | C7: =$AS$17 -> 0 | D7: 8 | E7: Horizontal | F7: Near | G7: Radial | H7: 12 | L7: =IF(J7=0,68,IF(K7=0,J7,AVERAGE(J7:K7))) -> 68 | M7: =$AS$19 -> 6e-06 | N7: =IF(I7=0,C7,IF($AS$20=FALSE,AI7,ROUND(AI7*(1-(M7*(L7-68))),5))) -> 0 | O7: =ROUND(AS17,5) -> 0 | P7: =N7-O7 -> 0 | Q7: =P7*P7 -> 0 | AD7: =AS13 -> #N/A | AE7: =AD7*(-1) -> #N/A | AF7: 0 | AI7: =IF($AU$13=TRUE,ROUND(I7/25.4,5),I7) -> 0 | AR7: Customer: | AS7: =Info!B2 -> 0
B8: 2 | C8: =$AS$17 -> 0 | D8: 5 | E8: Horizontal | F8: Near | G8: Radial | H8: 13 | L8: =IF(J8=0,68,IF(K8=0,J8,AVERAGE(J8:K8))) -> 68 | M8: =$AS$19 -> 6e-06 | N8: =IF(I8=0,C8,IF($AS$20=FALSE,AI8,ROUND(AI8*(1-(M8*(L8-68))),5))) -> 0 | O8: =O7 -> 0 | P8: =N8-O8 -> 0 | Q8: =P8*P8 -> 0 | AD8: =AD7 -> #N/A | AE8: =AE7 -> #N/A | AF8: 0 | AI8: =IF($AU$13=TRUE,ROUND(I8/25.4,5),I8) -> 0 | AR8: Machine I.D: | AS8: =Info!D14 -> #N/A
B9: 3 | C9: =$AS$17 -> 0 | D9: 1 & 2 | E9: Horizontal | F9: Far | G9: Tangential | H9: 9 | L9: =IF(J9=0,68,IF(K9=0,J9,AVERAGE(J9:K9))) -> 68 | M9: =$AS$19 -> 6e-06 | N9: =IF(I9=0,C9,IF($AS$20=FALSE,AI9,ROUND(AI9*(1-(M9*(L9-68))),5))) -> 0 | O9: =O8 -> 0 | P9: =N9-O9 -> 0 | Q9: =P9*P9 -> 0 | AD9: =AD8 -> #N/A | AE9: =AE8 -> #N/A | AF9: 0 | AI9: =IF($AU$13=TRUE,ROUND(I9/25.4,5),I9) -> 0 | AR9: Serial No: | AS9: =Info!B8 -> 0
B10: 4 | C10: =$AS$17 -> 0 | D10: 4 & 7 | E10: 45 deg | F10: Far | G10: Tangential | H10: 3 | L10: =IF(J10=0,68,IF(K10=0,J10,AVERAGE(J10:K10))) -> 68 | M10: =$AS$19 -> 6e-06 | N10: =IF(I10=0,C10,IF($AS$20=FALSE,AI10,ROUND(AI10*(1-(M10*(L10-68))),5))) -> 0 | O10: =O9 -> 0 | P10: =N10-O10 -> 0 | Q10: =P10*P10 -> 0 | AD10: =AD9 -> #N/A | AE10: =AE9 -> #N/A | AF10: 0 | AI10: =IF($AU$13=TRUE,ROUND(I10/25.4,5),I10) -> 0 | AR10: Date Tested: | AS10: =Info!B5 -> 0
B11: 5 | C11: =$AS$17 -> 0 | D11: 7 & 3 | E11: Vertical | F11: Far | G11: Tangential | H11: 15 | L11: =IF(J11=0,68,IF(K11=0,J11,AVERAGE(J11:K11))) -> 68 | M11: =$AS$19 -> 6e-06 | N11: =IF(I11=0,C11,IF($AS$20=FALSE,AI11,ROUND(AI11*(1-(M11*(L11-68))),5))) -> 0 | O11: =O10 -> 0 | P11: =N11-O11 -> 0 | Q11: =P11*P11 -> 0 | AD11: =AD10 -> #N/A | AE11: =AE10 -> #N/A | AF11: 0 | AI11: =IF($AU$13=TRUE,ROUND(I11/25.4,5),I11) -> 0 | AR11: Tested By: | AS11: =Info!B6 -> 0
B12: 6 | C12: =$AS$17 -> 0 | D12: 1 & 5 | E12: Vertical | F12: Far | G12: Tangential | H12: 14 | L12: =IF(J12=0,68,IF(K12=0,J12,AVERAGE(J12:K12))) -> 68 | M12: =$AS$19 -> 6e-06 | N12: =IF(I12=0,C12,IF($AS$20=FALSE,AI12,ROUND(AI12*(1-(M12*(L12-68))),5))) -> 0 | O12: =O11 -> 0 | P12: =N12-O12 -> 0 | Q12: =P12*P12 -> 0 | AD12: =AD11 -> #N/A | AE12: =AE11 -> #N/A | AF12: 0 | AI12: =IF($AU$13=TRUE,ROUND(I12/25.4,5),I12) -> 0 | AR12: Page: | AS12: =Switches!BJ4 -> 1 | AT12: Pages: | AU12: =Switches!BI8 -> 1
B13: 7 | C13: =$AS$17 -> 0 | D13: 2 | E13: Horizontal | F13: Near | G13: Radial | H13: 10 | L13: =IF(J13=0,68,IF(K13=0,J13,AVERAGE(J13:K13))) -> 68 | M13: =$AS$19 -> 6e-06 | N13: =IF(I13=0,C13,IF($AS$20=FALSE,AI13,ROUND(AI13*(1-(M13*(L13-68))),5))) -> 0 | O13: =O12 -> 0 | P13: =N13-O13 -> 0 | Q13: =P13*P13 -> 0 | AD13: =AD12 -> #N/A | AE13: =AE12 -> #N/A | AF13: 0 | AI13: =IF($AU$13=TRUE,ROUND(I13/25.4,5),I13) -> 0 | AR13: Tolerance: | AS13: =Switches!J4 -> #N/A | AT13: Metric: | AU13: =Switches!Y8 -> FALSE
B14: 8 | C14: =$AS$18 -> 0 | D14: 2 & 8 | E14: 45 deg | F14: Near | G14: Tangential | H14: 18 | L14: =IF(J14=0,68,IF(K14=0,J14,AVERAGE(J14:K14))) -> 68 | M14: =$AS$19 -> 6e-06 | N14: =IF(I14=0,C14,IF($AS$20=FALSE,AI14,ROUND(AI14*(1-(M14*(L14-68))),5))) -> 0 | O14: =ROUND(AS18,5) -> 0 | P14: =N14-O14 -> 0 | Q14: =P14*P14 -> 0 | AD14: =AD13 -> #N/A | AE14: =AE13 -> #N/A | AF14: 0 | AI14: =IF($AU$13=TRUE,ROUND(I14/25.4,5),I14) -> 0 | AR14: Tolerance Method: | AS14: =Switches!AC2 -> 1 | AT14: =IF(AS14=1,Switches!AD2,IF(AS14=2,Switches!AD3,IF(AS14=3,Switches!AD4,"error"))) -> Max Dev
B15: 9 | C15: =$AS$17 -> 0 | D15: 3 | E15: Horizontal | F15: Near | G15: Radial | H15: 11 | L15: =IF(J15=0,68,IF(K15=0,J15,AVERAGE(J15:K15))) -> 68 | M15: =$AS$19 -> 6e-06 | N15: =IF(I15=0,C15,IF($AS$20=FALSE,AI15,ROUND(AI15*(1-(M15*(L15-68))),5))) -> 0 | O15: =O13 -> 0 | P15: =N15-O15 -> 0 | Q15: =P15*P15 -> 0 | AD15: =AD14 -> #N/A | AE15: =AE14 -> #N/A | AF15: 0 | AI15: =IF($AU$13=TRUE,ROUND(I15/25.4,5),I15) -> 0
B16: 10 | C16: =$AS$18 -> 0 | D16: 1 & 7 | E16: 45 deg | F16: Near | G16: Tangential | H16: 17 | L16: =IF(J16=0,68,IF(K16=0,J16,AVERAGE(J16:K16))) -> 68 | M16: =$AS$19 -> 6e-06 | N16: =IF(I16=0,C16,IF($AS$20=FALSE,AI16,ROUND(AI16*(1-(M16*(L16-68))),5))) -> 0 | O16: =O14 -> 0 | P16: =N16-O16 -> 0 | Q16: =P16*P16 -> 0 | AD16: =AD15 -> #N/A | AE16: =AE15 -> #N/A | AF16: 0 | AI16: =IF($AU$13=TRUE,ROUND(I16/25.4,5),I16) -> 0 | AR16: Measuring Range: | AS16: =Info!B16 -> #N/A
B17: 11 | C17: =$AS$17 -> 0 | D17: 1 & 6 | E17: 45 deg | F17: Far | G17: Tangential | H17: 8 | L17: =IF(J17=0,68,IF(K17=0,J17,AVERAGE(J17:K17))) -> 68 | M17: =$AS$19 -> 6e-06 | N17: =IF(I17=0,C17,IF($AS$20=FALSE,AI17,ROUND(AI17*(1-(M17*(L17-68))),5))) -> 0 | O17: =O15 -> 0 | P17: =N17-O17 -> 0 | Q17: =P17*P17 -> 0 | AD17: =AD16 -> #N/A | AE17: =AE16 -> #N/A | AF17: 0 | AI17: =IF($AU$13=TRUE,ROUND(I17/25.4,5),I17) -> 0 | AR17: Sort Block: | AS17: =Switches!AR2 -> 0
B18: 12 | C18: =$AS$17 -> 0 | D18: 6 & 3 | E18: 45 deg | F18: Far | G18: Tangential | H18: 6 | L18: =IF(J18=0,68,IF(K18=0,J18,AVERAGE(J18:K18))) -> 68 | M18: =$AS$19 -> 6e-06 | N18: =IF(I18=0,C18,IF($AS$20=FALSE,AI18,ROUND(AI18*(1-(M18*(L18-68))),5))) -> 0 | O18: =O17 -> 0 | P18: =N18-O18 -> 0 | Q18: =P18*P18 -> 0 | AD18: =AD17 -> #N/A | AE18: =AE17 -> #N/A | AF18: 0 | AI18: =IF($AU$13=TRUE,ROUND(I18/25.4,5),I18) -> 0 | AR18: Long Block: | AS18: =Switches!AS2 -> 0
B19: 13 | C19: =$AS$17 -> 0 | D19: 5 & 4 | E19: 45 deg | F19: Far | G19: Tangential | H19: 1 | L19: =IF(J19=0,68,IF(K19=0,J19,AVERAGE(J19:K19))) -> 68 | M19: =$AS$19 -> 6e-06 | N19: =IF(I19=0,C19,IF($AS$20=FALSE,AI19,ROUND(AI19*(1-(M19*(L19-68))),5))) -> 0 | O19: =O18 -> 0 | P19: =N19-O19 -> 0 | Q19: =P19*P19 -> 0 | AD19: =AD18 -> #N/A | AE19: =AE18 -> #N/A | AF19: 0 | AI19: =IF($AU$13=TRUE,ROUND(I19/25.4,5),I19) -> 0 | AR19: Block CTE | AS19: =Standards!J16 -> 6e-06
B20: 14 | C20: =$AS$17 -> 0 | D20: 3 & 8 | E20: 45 deg | F20: Far | G20: Tangential | H20: 4 | L20: =IF(J20=0,68,IF(K20=0,J20,AVERAGE(J20:K20))) -> 68 | M20: =$AS$19 -> 6e-06 | N20: =IF(I20=0,C20,IF($AS$20=FALSE,AI20,ROUND(AI20*(1-(M20*(L20-68))),5))) -> 0 | O20: =O19 -> 0 | P20: =N20-O20 -> 0 | Q20: =P20*P20 -> 0 | AD20: =AD19 -> #N/A | AE20: =AE19 -> #N/A | AF20: 0 | AI20: =IF($AU$13=TRUE,ROUND(I20/25.4,5),I20) -> 0 | AR20: Temp Comp | AS20: =Switches!Z8 -> TRUE
B21: 15 | C21: =$AS$17 -> 0 | D21: 5 & 2 | E21: 45 deg | F21: Far | G21: Tangential | H21: 7 | L21: =IF(J21=0,68,IF(K21=0,J21,AVERAGE(J21:K21))) -> 68 | M21: =$AS$19 -> 6e-06 | N21: =IF(I21=0,C21,IF($AS$20=FALSE,AI21,ROUND(AI21*(1-(M21*(L21-68))),5))) -> 0 | O21: =O20 -> 0 | P21: =N21-O21 -> 0 | Q21: =P21*P21 -> 0 | AD21: =AD20 -> #N/A | AE21: =AE20 -> #N/A | AF21: 0 | AI21: =IF($AU$13=TRUE,ROUND(I21/25.4,5),I21) -> 0
B22: 16 | C22: =$AS$17 -> 0 | D22: 1 & 8 | E22: 45 deg | F22: Far | G22: Tangential | H22: 2 | L22: =IF(J22=0,68,IF(K22=0,J22,AVERAGE(J22:K22))) -> 68 | M22: =$AS$19 -> 6e-06 | N22: =IF(I22=0,C22,IF($AS$20=FALSE,AI22,ROUND(AI22*(1-(M22*(L22-68))),5))) -> 0 | O22: =O21 -> 0 | P22: =N22-O22 -> 0 | Q22: =P22*P22 -> 0 | AD22: =AD21 -> #N/A | AE22: =AE21 -> #N/A | AF22: 0 | AI22: =IF($AU$13=TRUE,ROUND(I22/25.4,5),I22) -> 0
B23: 17 | C23: =$AS$17 -> 0 | D23: 2 & 7 | E23: 45 deg | F23: Far | G23: Tangential | H23: 5 | L23: =IF(J23=0,68,IF(K23=0,J23,AVERAGE(J23:K23))) -> 68 | M23: =$AS$19 -> 6e-06 | N23: =IF(I23=0,C23,IF($AS$20=FALSE,AI23,ROUND(AI23*(1-(M23*(L23-68))),5))) -> 0 | O23: =O22 -> 0 | P23: =N23-O23 -> 0 | Q23: =P23*P23 -> 0 | AD23: =AD22 -> #N/A | AE23: =AE22 -> #N/A | AF23: 0 | AI23: =IF($AU$13=TRUE,ROUND(I23/25.4,5),I23) -> 0
B24: 18 | C24: =$AS$18 -> 0 | D24: 3 & 4 | E24: Horizontal | F24: Near | G24: Tangential | H24: 16 | L24: =IF(J24=0,68,IF(K24=0,J24,AVERAGE(J24:K24))) -> 68 | M24: =$AS$19 -> 6e-06 | N24: =IF(I24=0,C24,IF($AS$20=FALSE,AI24,ROUND(AI24*(1-(M24*(L24-68))),5))) -> 0 | O24: =O16 -> 0 | P24: =N24-O24 -> 0 | Q24: =P24*P24 -> 0 | AD24: =AD23 -> #N/A | AE24: =AE23 -> #N/A | AF24: 0 | AI24: =IF($AU$13=TRUE,ROUND(I24/25.4,5),I24) -> 0
B25: 19 | C25: =$AS$18 -> 0 | D25: 2 & 6 | E25: Vertical | F25: Far | G25: Tangential | H25: 20 | L25: =IF(J25=0,68,IF(K25=0,J25,AVERAGE(J25:K25))) -> 68 | M25: =$AS$19 -> 6e-06 | N25: =IF(I25=0,C25,IF($AS$20=FALSE,AI25,ROUND(AI25*(1-(M25*(L25-68))),5))) -> 0 | O25: =O24 -> 0 | P25: =N25-O25 -> 0 | Q25: =P25*P25 -> 0 | AD25: =AD24 -> #N/A | AE25: =AE24 -> #N/A | AF25: 0 | AI25: =IF($AU$13=TRUE,ROUND(I25/25.4,5),I25) -> 0
B26: 20 | C26: =$AS$18 -> 0 | D26: 4 & 8 | E26: Vertical | F26: Near | G26: Tangential | H26: 19 | L26: =IF(J26=0,68,IF(K26=0,J26,AVERAGE(J26:K26))) -> 68 | M26: =$AS$19 -> 6e-06 | N26: =IF(I26=0,C26,IF($AS$20=FALSE,AI26,ROUND(AI26*(1-(M26*(L26-68))),5))) -> 0 | O26: =O25 -> 0 | P26: =N26-O26 -> 0 | Q26: =P26*P26 -> 0 | AD26: =AD25 -> #N/A | AE26: =AE25 -> #N/A | AF26: 0 | AI26: =IF($AU$13=TRUE,ROUND(I26/25.4,5),I26) -> 0
O27: Dmax | P27: =MAX(P7:P26) -> 0
O28: Dmin | P28: =MIN(P7:P26) -> 0
O29: Abs Min | P29: =ABS(P28) -> 0
O30: Maximum Deviation: | P30: =IF(P29>P27,P28,P27) -> 0
O31: Range (Dmax-Dmin): | P31: =P27-P28 -> 0
O32: 2RMS: | P32: =SQRT(SUM(Q7:Q26)/20)*2 -> 0
O33: Max-Min/2: | P33: =P31/2 -> 0
O34: 2Sigma: | P34: =_xlfn.STDEV.S(P7:P26)*2+ABS(AVERAGE(P7:P26)) -> 0
AD44: Report No. | AE44: =AS6 -> 0 | AM44: ="Page "&AS12&" of "&AU12 -> Page 1 of 1
AC46: Johnson Gage and Inspection, Inc.
AC47: 5920 West 21st Street North, Wichita, KS 67205
AC48: Phone 316.943.7532 FAX 316.944.6256
AC50: Volumetric Performance Test Record
AD52: Customer: | AE52: =AS7 -> 0
AD53: Machine I.D: | AE53: =AS8 -> #N/A | AK53: Date Tested: | AL53: =AS10 -> 0
AD54: Serial No: | AE54: =AS9 -> 0 | AK54: Tested By: | AL54: =AS11 -> 0
AE56: Test Bar Lengths: | AF56: =TEXT(AS17,"0.00000")&""""&" & "&TEXT(AS18,"0.00000")&"""" -> 0.00000" & 0.00000"
AD58: Position | AE58: =D6 -> Octants | AF58: =E6 -> Inclination | AG58: =F6 -> Distance | AH58: =G6 -> Direction | AI58: Reading | AJ58: Standard | AL58: Deviation
AD59: 1 | AE59: =D7 -> 8 | AF59: =E7 -> Horizontal | AG59: =F7 -> Near | AH59: =G7 -> Radial | AI59: =N7 -> 0 | AJ59: =O7 -> 0 | AL59: =P7 -> 0
AD60: 2 | AE60: =D8 -> 5 | AF60: =E8 -> Horizontal | AG60: =F8 -> Near | AH60: =G8 -> Radial | AI60: =N8 -> 0 | AJ60: =O8 -> 0 | AL60: =P8 -> 0
AD61: 3 | AE61: =D9 -> 1 & 2 | AF61: =E9 -> Horizontal | AG61: =F9 -> Far | AH61: =G9 -> Tangential | AI61: =N9 -> 0 | AJ61: =O9 -> 0 | AL61: =P9 -> 0
AD62: 4 | AE62: =D10 -> 4 & 7 | AF62: =E10 -> 45 deg | AG62: =F10 -> Far | AH62: =G10 -> Tangential | AI62: =N10 -> 0 | AJ62: =O10 -> 0 | AL62: =P10 -> 0
AD63: 5 | AE63: =D11 -> 7 & 3 | AF63: =E11 -> Vertical | AG63: =F11 -> Far | AH63: =G11 -> Tangential | AI63: =N11 -> 0 | AJ63: =O11 -> 0 | AL63: =P11 -> 0
AD64: 6 | AE64: =D12 -> 1 & 5 | AF64: =E12 -> Vertical | AG64: =F12 -> Far | AH64: =G12 -> Tangential | AI64: =N12 -> 0 | AJ64: =O12 -> 0 | AL64: =P12 -> 0
AD65: 7 | AE65: =D13 -> 2 | AF65: =E13 -> Horizontal | AG65: =F13 -> Near | AH65: =G13 -> Radial | AI65: =N13 -> 0 | AJ65: =O13 -> 0 | AL65: =P13 -> 0
AD66: 8 | AE66: =D14 -> 2 & 8 | AF66: =E14 -> 45 deg | AG66: =F14 -> Near | AH66: =G14 -> Tangential | AI66: =N14 -> 0 | AJ66: =O14 -> 0 | AL66: =P14 -> 0
AD67: 9 | AE67: =D15 -> 3 | AF67: =E15 -> Horizontal | AG67: =F15 -> Near | AH67: =G15 -> Radial | AI67: =N15 -> 0 | AJ67: =O15 -> 0 | AL67: =P15 -> 0
AD68: 10 | AE68: =D16 -> 1 & 7 | AF68: =E16 -> 45 deg | AG68: =F16 -> Near | AH68: =G16 -> Tangential | AI68: =N16 -> 0 | AJ68: =O16 -> 0 | AL68: =P16 -> 0
AD69: 11 | AE69: =D17 -> 1 & 6 | AF69: =E17 -> 45 deg | AG69: =F17 -> Far | AH69: =G17 -> Tangential | AI69: =N17 -> 0 | AJ69: =O17 -> 0 | AL69: =P17 -> 0
AD70: 12 | AE70: =D18 -> 6 & 3 | AF70: =E18 -> 45 deg | AG70: =F18 -> Far | AH70: =G18 -> Tangential | AI70: =N18 -> 0 | AJ70: =O18 -> 0 | AL70: =P18 -> 0
... AD78: 20 | AE78: =D26 -> 4 & 8 | AF78: =E26 -> Vertical | AG78: =F26 -> Near | AH78: =G26 -> Tangential | AI78: =N26 -> 0 | AJ78: =O26 -> 0 | AL78: =P26 -> 0
AK80: Maximum Deviation: | AL80: =P30 -> 0
AK81: Range (Dmax-Dmin): | AL81: =P31 -> 0
AK82: 2RMS: | AL82: =P32 -> 0
AK83: Max-Min/2: | AL83: =P33 -> 0
AK84: 2 Sigma: | AL84: =P34 -> 0
AK86: ="Tolerance for this unit @ "&AT14&":" -> Tolerance for this unit @ Max Dev: | AL86: =AS13 -> #N/A
AC89: All results shown are in inches unless otherwise specified.

Sheet Euni (ISO)
I1: Graph | L1: (Temp comp requires customer approval. ISO spec does not permit.) | AF1: Standard Lengths | AU1: Temp Comp | BA1: Deviation | BH1: Repeatability | BJ1: Max | BK1: =MAX(BH6,BI6,BJ6,BK6,BL6,BH9,BI9,BJ9,BK9,BL9,BH12,BI12,BJ12,BK12,BL12,BH15,BI15,BJ15,BK15,BL15,BH18,BI18,BJ18,BK18,BL18,BH21,BI21,BJ21,BK21,BL21,BH24,BI24,BJ24,BK24,BL24) -> 0 | BN1: Error by position | BS1: Max Dev | BT1: =ROUND(MAX(BT4:BT22),5) -> 0 | BY1: Not Functional
B2: Position | C2: Measurement | D2: Length 1 | E2: Length 2 | F2: Length 3 | G2: Length 4 | H2: Length 5 | I2: ='Euni (ISO)'!I92 -> 1.25 | J2: Temp | K2: RH | L2: EUni | M2: MPE | N2: %Tol | O2: RUni | P2: EBi | Q2: Runi and Ebi are optional calculations detailed in Annex H & Annex B.4. | AF2: Length 1 | AG2: Length 2 | AH2: Length 3 | AI2: Length 4 | AJ2: Length 5 | AL2: Length 1 | AM2: Length 2 | AN2: Length 3 | AO2: Length 4 | AP2: Length 5 | AR2: CTE | AS2: Correction | AT2: Active | AU2: Length 1 | AV2: Length 2 | AW2: Length 3 | AX2: Length 4 | AY2: Length 5 | BA2: Length 1 | BB2: Length 2 | BC2: Length 3 | BD2: Length 4 | BE2: Length 5 | BH2: Length 1 | BI2: Length 2 | BJ2: Length 3 | BK2: Length 4 | BL2: Length 5
C3: Certified Length--> | D3: =X21 -> 0 | E3: =X22 -> 0 | F3: =X23 -> 0 | G3: =X24 -> 0 | H3: =X25 -> 0 | L3: =IF(X17=1,AG47,IF(X17=2,AG46,IF(X17=3,AG48,"error"))) -> 0 | M3: =Switches!J4 -> #N/A | N3: =ABS(L3)/M3 -> #N/A | O3: =BK1 -> 0 | P3: =L3+Probing!C20 -> #N/A | AF3: =D3 -> 0 | AG3: =E3 -> 0 | AH3: =F3 -> 0 | AI3: =G3 -> 0 | AJ3: =H3 -> 0 | AL3: Convert from metric | AR3: 6e-06 | AS3: =1-(AR3*(J3-68)) -> 1.000408 | AT3: =X20 -> FALSE | AU3: =D3 -> 0 | AV3: =E3 -> 0 | AW3: =F3 -> 0 | AX3: =G3 -> 0 | AY3: =H3 -> 0 | BA3: =D3 -> 0 | BB3: =E3 -> 0 | BC3: =F3 -> 0 | BD3: =G3 -> 0 | BE3: =H3 -> 0 | BH3: =D3 -> 0 | BI3: =E3 -> 0 | BJ3: =F3 -> 0 | BK3: =G3 -> 0 | BL3: =H3 -> 0 | BN3: Max | BO3: Min | BP3: AbsMax | BQ3: AbsMin | BT3: Max Deviation by Position | BY3: Out of Tolerance according to A+M*L/K | CC3: =MAX(BZ4:BZ25) -> 0 | CD3: =AD47&" ("&TEXT(CC3,"0.00000")&""" OOT)" -> 0.00000" (0.00000" OOT)
B4: Horizontal | C4: A | Q4: All measurements tangential. | U4: Notes | AF4: =AF3 -> 0 | AG4: =AG3 -> 0 | AH4: =AH3 -> 0 | AI4: =AI3 -> 0 | AJ4: =AJ3 -> 0 | AL4: =IF($Z$16=TRUE,(ROUND(D4/25.4,5)),D4) -> 0 | AM4: =IF($Z$16=TRUE,(ROUND(E4/25.4,5)),E4) -> 0 | AN4: =IF($Z$16=TRUE,(ROUND(F4/25.4,5)),F4) -> 0 | AO4: =IF($Z$16=TRUE,(ROUND(G4/25.4,5)),G4) -> 0 | AP4: =IF($Z$16=TRUE,(ROUND(H4/25.4,5)),H4) -> 0 | AU4: =IF($AT$3=TRUE,AL4*$AS$3,AL4) -> 0 | AV4: =IF($AT$3=TRUE,AM4*$AS$3,AM4) -> 0 | AW4: =IF($AT$3=TRUE,AN4*$AS$3,AN4) -> 0 | AX4: =IF($AT$3=TRUE,AO4*$AS$3,AO4) -> 0 | AY4: =IF($AT$3=TRUE,AP4*$AS$3,AP4) -> 0 | BA4: =IF(D4=0,0,AU4-AF4) -> 0 | BB4: =IF(E4=0,0,AV4-AG4) -> 0 | BC4: =IF(F4=0,0,AW4-AH4) -> 0 | BD4: =IF(G4=0,0,AX4-AI4) -> 0 | BE4: =IF(H4=0,0,AY4-AJ4) -> 0 | BG4: Max | BH4: =MAX(BA4:BA6) -> 0 | BI4: =MAX(BB4:BB6) -> 0 | BJ4: =MAX(BC4:BC6) -> 0 | BK4: =MAX(BD4:BD6) -> 0 | BL4: =MAX(BE4:BE6) -> 0 | BN4: =MAX(BA4:BE6) -> 0 | BO4: =MIN(BA4:BE6) -> 0 | BP4: =ABS(BN4) -> 0 | BQ4: =ABS(BO4) -> 0 | BS4: 1 | BT4: =MAX(BP4:BQ4) -> 0 | BV4: Euni | BW4: =TEXT(BT4,"0.00000")&"""" -> 0.00000" | BY4: 1
B5: 1 | C5: B | U5: Elbow orientation is discussed in the spec, but it does not appear to be mandatory to document. | AF5: =AF4 -> 0 | AG5: =AG4 -> 0 | AH5: =AH4 -> 0 | AI5: =AI4 -> 0 | AJ5: =AJ4 -> 0 | AL5: =IF($Z$16=TRUE,(ROUND(D5/25.4,5)),D5) -> 0 | AM5: =IF($Z$16=TRUE,(ROUND(E5/25.4,5)),E5) -> 0 | AN5: =IF($Z$16=TRUE,(ROUND(F5/25.4,5)),F5) -> 0 | AO5: =IF($Z$16=TRUE,(ROUND(G5/25.4,5)),G5) -> 0 | AP5: =IF($Z$16=TRUE,(ROUND(H5/25.4,5)),H5) -> 0 | AU5: =IF($AT$3=TRUE,AL5*$AS$3,AL5) -> 0 | AV5: =IF($AT$3=TRUE,AM5*$AS$3,AM5) -> 0 | AW5: =IF($AT$3=TRUE,AN5*$AS$3,AN5) -> 0 | AX5: =IF($AT$3=TRUE,AO5*$AS$3,AO5) -> 0 | AY5: =IF($AT$3=TRUE,AP5*$AS$3,AP5) -> 0 | BA5: =IF(D5=0,0,AU5-AF5) -> 0 | BB5: =IF(E5=0,0,AV5-AG5) -> 0 | BC5: =IF(F5=0,0,AW5-AH5) -> 0 | BD5: =IF(G5=0,0,AX5-AI5) -> 0 | BE5: =IF(H5=0,0,AY5-AJ5) -> 0 | BG5: Min | BH5: =MIN(BA4:BA6) -> 0 | BI5: =MIN(BB4:BB6) -> 0 | BJ5: =MIN(BC4:BC6) -> 0 | BK5: =MIN(BD4:BD6) -> 0 | BL5: =MIN(BE4:BE6) -> 0
B6: Front | C6: C | U6: Tolerance formula not functional, but is partially in place and can be completed if a manufacturer specifies the tolerance using a formula. | AF6: =AF5 -> 0 | AG6: =AG5 -> 0 | AH6: =AH5 -> 0 | AI6: =AI5 -> 0 | AJ6: =AJ5 -> 0 | AL6: =IF($Z$16=TRUE,(ROUND(D6/25.4,5)),D6) -> 0 | AM6: =IF($Z$16=TRUE,(ROUND(E6/25.4,5)),E6) -> 0 | AN6: =IF($Z$16=TRUE,(ROUND(F6/25.4,5)),F6) -> 0 | AO6: =IF($Z$16=TRUE,(ROUND(G6/25.4,5)),G6) -> 0 | AP6: =IF($Z$16=TRUE,(ROUND(H6/25.4,5)),H6) -> 0 | AU6: =IF($AT$3=TRUE,AL6*$AS$3,AL6) -> 0 | AV6: =IF($AT$3=TRUE,AM6*$AS$3,AM6) -> 0 | AW6: =IF($AT$3=TRUE,AN6*$AS$3,AN6) -> 0 | AX6: =IF($AT$3=TRUE,AO6*$AS$3,AO6) -> 0 | AY6: =IF($AT$3=TRUE,AP6*$AS$3,AP6) -> 0 | BA6: =IF(D6=0,0,AU6-AF6) -> 0 | BB6: =IF(E6=0,0,AV6-AG6) -> 0 | BC6: =IF(F6=0,0,AW6-AH6) -> 0 | BD6: =IF(G6=0,0,AX6-AI6) -> 0 | BE6: =IF(H6=0,0,AY6-AJ6) -> 0 | BG6: Range | BH6: =BH4-BH5 -> 0 | BI6: =BI4-BI5 -> 0 | BJ6: =BJ4-BJ5 -> 0 | BK6: =BK4-BK5 -> 0 | BL6: =BL4-BL5 -> 0
B7: Horizontal | C7: A | AF7: =AF6 -> 0 | AG7: =AG6 -> 0 | AH7: =AH6 -> 0 | AI7: =AI6 -> 0 | AJ7: =AJ6 -> 0 | AL7: =IF($Z$16=TRUE,(ROUND(D7/25.4,5)),D7) -> 0 | AM7: =IF($Z$16=TRUE,(ROUND(E7/25.4,5)),E7) -> 0 | AN7: =IF($Z$16=TRUE,(ROUND(F7/25.4,5)),F7) -> 0 | AO7: =IF($Z$16=TRUE,(ROUND(G7/25.4,5)),G7) -> 0 | AP7: =IF($Z$16=TRUE,(ROUND(H7/25.4,5)),H7) -> 0 | AU7: =IF($AT$3=TRUE,AL7*$AS$3,AL7) -> 0 | AV7: =IF($AT$3=TRUE,AM7*$AS$3,AM7) -> 0 | AW7: =IF($AT$3=TRUE,AN7*$AS$3,AN7) -> 0 | AX7: =IF($AT$3=TRUE,AO7*$AS$3,AO7) -> 0 | AY7: =IF($AT$3=TRUE,AP7*$AS$3,AP7) -> 0 | BA7: =IF(D7=0,0,AU7-AF7) -> 0 | BB7: =IF(E7=0,0,AV7-AG7) -> 0 | BC7: =IF(F7=0,0,AW7-AH7) -> 0 | BD7: =IF(G7=0,0,AX7-AI7) -> 0 | BE7: =IF(H7=0,0,AY7-AJ7) -> 0 | BG7: Max | BH7: =MAX(BA7:BA9) -> 0 | BI7: =MAX(BB7:BB9) -> 0 | BJ7: =MAX(BC7:BC9) -> 0 | BK7: =MAX(BD7:BD9) -> 0 | BL7: =MAX(BE7:BE9) -> 0 | BN7: =MAX(BA7:BE9) -> 0 | BO7: =MIN(BA7:BE9) -> 0 | BP7: =ABS(BN7) -> 0 | BQ7: =ABS(BO7) -> 0 | BS7: 2 | BT7: =MAX(BP7:BQ7) -> 0 | BV7: Euni | BW7: =TEXT(BT7,"0.00000")&"""" -> 0.00000" | BY7: 2
B8: 2 | C8: B | X8: Imported from other sheets | AF8: =AF7 -> 0 | AG8: =AG7 -> 0 | AH8: =AH7 -> 0 | AI8: =AI7 -> 0 | AJ8: =AJ7 -> 0 | AL8: =IF($Z$16=TRUE,(ROUND(D8/25.4,5)),D8) -> 0 | AM8: =IF($Z$16=TRUE,(ROUND(E8/25.4,5)),E8) -> 0 | AN8: =IF($Z$16=TRUE,(ROUND(F8/25.4,5)),F8) -> 0 | AO8: =IF($Z$16=TRUE,(ROUND(G8/25.4,5)),G8) -> 0 | AP8: =IF($Z$16=TRUE,(ROUND(H8/25.4,5)),H8) -> 0 | AU8: =IF($AT$3=TRUE,AL8*$AS$3,AL8) -> 0 | AV8: =IF($AT$3=TRUE,AM8*$AS$3,AM8) -> 0 | AW8: =IF($AT$3=TRUE,AN8*$AS$3,AN8) -> 0 | AX8: =IF($AT$3=TRUE,AO8*$AS$3,AO8) -> 0 | AY8: =IF($AT$3=TRUE,AP8*$AS$3,AP8) -> 0 | BA8: =IF(D8=0,0,AU8-AF8) -> 0 | BB8: =IF(E8=0,0,AV8-AG8) -> 0 | BC8: =IF(F8=0,0,AW8-AH8) -> 0 | BD8: =IF(G8=0,0,AX8-AI8) -> 0 | BE8: =IF(H8=0,0,AY8-AJ8) -> 0 | BG8: Min | BH8: =MIN(BA7:BA9) -> 0 | BI8: =MIN(BB7:BB9) -> 0 | BJ8: =MIN(BC7:BC9) -> 0 | BK8: =MIN(BD7:BD9) -> 0 | BL8: =MIN(BE7:BE9) -> 0
B9: Back-Right | C9: C | W9: Report No.: | X9: =Info!B1 -> 0 | AF9: =AF8 -> 0 | AG9: =AG8 -> 0 | AH9: =AH8 -> 0 | AI9: =AI8 -> 0 | AJ9: =AJ8 -> 0 | AL9: =IF($Z$16=TRUE,(ROUND(D9/25.4,5)),D9) -> 0 | AM9: =IF($Z$16=TRUE,(ROUND(E9/25.4,5)),E9) -> 0 | AN9: =IF($Z$16=TRUE,(ROUND(F9/25.4,5)),F9) -> 0 | AO9: =IF($Z$16=TRUE,(ROUND(G9/25.4,5)),G9) -> 0 | AP9: =IF($Z$16=TRUE,(ROUND(H9/25.4,5)),H9) -> 0 | AU9: =IF($AT$3=TRUE,AL9*$AS$3,AL9) -> 0 | AV9: =IF($AT$3=TRUE,AM9*$AS$3,AM9) -> 0 | AW9: =IF($AT$3=TRUE,AN9*$AS$3,AN9) -> 0 | AX9: =IF($AT$3=TRUE,AO9*$AS$3,AO9) -> 0 | AY9: =IF($AT$3=TRUE,AP9*$AS$3,AP9) -> 0 | BA9: =IF(D9=0,0,AU9-AF9) -> 0 | BB9: =IF(E9=0,0,AV9-AG9) -> 0 | BC9: =IF(F9=0,0,AW9-AH9) -> 0 | BD9: =IF(G9=0,0,AX9-AI9) -> 0 | BE9: =IF(H9=0,0,AY9-AJ9) -> 0 | BG9: Range | BH9: =BH7-BH8 -> 0 | BI9: =BI7-BI8 -> 0 | BJ9: =BJ7-BJ8 -> 0 | BK9: =BK7-BK8 -> 0 | BL9: =BL7-BL8 -> 0
B10: Horizontal | C10: A | W10: Customer: | X10: =Info!B2 -> 0 | AF10: =AF9 -> 0 | AG10: =AG9 -> 0 | AH10: =AH9 -> 0 | AI10: =AI9 -> 0 | AJ10: =AJ9 -> 0 | AL10: =IF($Z$16=TRUE,(ROUND(D10/25.4,5)),D10) -> 0 | AM10: =IF($Z$16=TRUE,(ROUND(E10/25.4,5)),E10) -> 0 | AN10: =IF($Z$16=TRUE,(ROUND(F10/25.4,5)),F10) -> 0 | AO10: =IF($Z$16=TRUE,(ROUND(G10/25.4,5)),G10) -> 0 | AP10: =IF($Z$16=TRUE,(ROUND(H10/25.4,5)),H10) -> 0 | AU10: =IF($AT$3=TRUE,AL10*$AS$3,AL10) -> 0 | AV10: =IF($AT$3=TRUE,AM10*$AS$3,AM10) -> 0 | AW10: =IF($AT$3=TRUE,AN10*$AS$3,AN10) -> 0 | AX10: =IF($AT$3=TRUE,AO10*$AS$3,AO10) -> 0 | AY10: =IF($AT$3=TRUE,AP10*$AS$3,AP10) -> 0 | BA10: =IF(D10=0,0,AU10-AF10) -> 0 | BB10: =IF(E10=0,0,AV10-AG10) -> 0 | BC10: =IF(F10=0,0,AW10-AH10) -> 0 | BD10: =IF(G10=0,0,AX10-AI10) -> 0 | BE10: =IF(H10=0,0,AY10-AJ10) -> 0 | BG10: Max | BH10: =MAX(BA10:BA12) -> 0 | BI10: =MAX(BB10:BB12) -> 0 | BJ10: =MAX(BC10:BC12) -> 0 | BK10: =MAX(BD10:BD12) -> 0 | BL10: =MAX(BE10:BE12) -> 0 | BN10: =MAX(BA10:BE12) -> 0 | BO10: =MIN(BA10:BE12) -> 0 | BP10: =ABS(BN10) -> 0 | BQ10: =ABS(BO10) -> 0 | BS10: 3 | BT10: =MAX(BP10:BQ10) -> 0 | BV10: Euni | BW10: =TEXT(BT10,"0.00000")&"""" -> 0.00000" | BY10: 3
B11: 3 | C11: B | W11: Machine I.D: | X11: =Info!B14 -> #N/A | AF11: =AF10 -> 0 | AG11: =AG10 -> 0 | AH11: =AH10 -> 0 | AI11: =AI10 -> 0 | AJ11: =AJ10 -> 0 | AL11: =IF($Z$16=TRUE,(ROUND(D11/25.4,5)),D11) -> 0 | AM11: =IF($Z$16=TRUE,(ROUND(E11/25.4,5)),E11) -> 0 | AN11: =IF($Z$16=TRUE,(ROUND(F11/25.4,5)),F11) -> 0 | AO11: =IF($Z$16=TRUE,(ROUND(G11/25.4,5)),G11) -> 0 | AP11: =IF($Z$16=TRUE,(ROUND(H11/25.4,5)),H11) -> 0 | AU11: =IF($AT$3=TRUE,AL11*$AS$3,AL11) -> 0 | AV11: =IF($AT$3=TRUE,AM11*$AS$3,AM11) -> 0 | AW11: =IF($AT$3=TRUE,AN11*$AS$3,AN11) -> 0 | AX11: =IF($AT$3=TRUE,AO11*$AS$3,AO11) -> 0 | AY11: =IF($AT$3=TRUE,AP11*$AS$3,AP11) -> 0 | BA11: =IF(D11=0,0,AU11-AF11) -> 0 | BB11: =IF(E11=0,0,AV11-AG11) -> 0 | BC11: =IF(F11=0,0,AW11-AH11) -> 0 | BD11: =IF(G11=0,0,AX11-AI11) -> 0 | BE11: =IF(H11=0,0,AY11-AJ11) -> 0 | BG11: Min | BH11: =MIN(BA10:BA12) -> 0 | BI11: =MIN(BB10:BB12) -> 0 | BJ11: =MIN(BC10:BC12) -> 0 | BK11: =MIN(BD10:BD12) -> 0 | BL11: =MIN(BE10:BE12) -> 0
B12: Back-Left | C12: C | W12: Serial No: | X12: =Info!B8 -> 0 | AF12: =AF11 -> 0 | AG12: =AG11 -> 0 | AH12: =AH11 -> 0 | AI12: =AI11 -> 0 | AJ12: =AJ11 -> 0 | AL12: =IF($Z$16=TRUE,(ROUND(D12/25.4,5)),D12) -> 0 | AM12: =IF($Z$16=TRUE,(ROUND(E12/25.4,5)),E12) -> 0 | AN12: =IF($Z$16=TRUE,(ROUND(F12/25.4,5)),F12) -> 0 | AO12: =IF($Z$16=TRUE,(ROUND(G12/25.4,5)),G12) -> 0 | AP12: =IF($Z$16=TRUE,(ROUND(H12/25.4,5)),H12) -> 0 | AU12: =IF($AT$3=TRUE,AL12*$AS$3,AL12) -> 0 | AV12: =IF($AT$3=TRUE,AM12*$AS$3,AM12) -> 0 | AW12: =IF($AT$3=TRUE,AN12*$AS$3,AN12) -> 0 | AX12: =IF($AT$3=TRUE,AO12*$AS$3,AO12) -> 0 | AY12: =IF($AT$3=TRUE,AP12*$AS$3,AP12) -> 0 | BA12: =IF(D12=0,0,AU12-AF12) -> 0 | BB12: =IF(E12=0,0,AV12-AG12) -> 0 | BC12: =IF(F12=0,0,AW12-AH12) -> 0 | BD12: =IF(G12=0,0,AX12-AI12) -> 0 | BE12: =IF(H12=0,0,AY12-AJ12) -> 0 | BG12: Range | BH12: =BH10-BH11 -> 0 | BI12: =BI10-BI11 -> 0 | BJ12: =BJ10-BJ11 -> 0 | BK12: =BK10-BK11 -> 0 | BL12: =BL10-BL11 -> 0
B13: Diagonal | C13: A | W13: Date Tested: | X13: =Info!B5 -> 0 | AF13: =AF12 -> 0 | AG13: =AG12 -> 0 | AH13: =AH12 -> 0 | AI13: =AI12 -> 0 | AJ13: =AJ12 -> 0 | AL13: =IF($Z$16=TRUE,(ROUND(D13/25.4,5)),D13) -> 0 | AM13: =IF($Z$16=TRUE,(ROUND(E13/25.4,5)),E13) -> 0 | AN13: =IF($Z$16=TRUE,(ROUND(F13/25.4,5)),F13) -> 0 | AO13: =IF($Z$16=TRUE,(ROUND(G13/25.4,5)),G13) -> 0 | AP13: =IF($Z$16=TRUE,(ROUND(H13/25.4,5)),H13) -> 0 | AU13: =IF($AT$3=TRUE,AL13*$AS$3,AL13) -> 0 | AV13: =IF($AT$3=TRUE,AM13*$AS$3,AM13) -> 0 | AW13: =IF($AT$3=TRUE,AN13*$AS$3,AN13) -> 0 | AX13: =IF($AT$3=TRUE,AO13*$AS$3,AO13) -> 0 | AY13: =IF($AT$3=TRUE,AP13*$AS$3,AP13) -> 0 | BA13: =IF(D13=0,0,AU13-AF13) -> 0 | BB13: =IF(E13=0,0,AV13-AG13) -> 0 | BC13: =IF(F13=0,0,AW13-AH13) -> 0 | BD13: =IF(G13=0,0,AX13-AI13) -> 0 | BE13: =IF(H13=0,0,AY13-AJ13) -> 0 | BG13: Max | BH13: =MAX(BA13:BA15) -> 0 | BI13: =MAX(BB13:BB15) -> 0 | BJ13: =MAX(BC13:BC15) -> 0 | BK13: =MAX(BD13:BD15) -> 0 | BL13: =MAX(BE13:BE15) -> 0 | BN13: =MAX(BA13:BE15) -> 0 | BO13: =MIN(BA13:BE15) -> 0 | BP13: =ABS(BN13) -> 0 | BQ13: =ABS(BO13) -> 0 | BS13: 4 | BT13: =MAX(BP13:BQ13) -> 0 | BV13: Euni | BW13: =TEXT(BT13,"0.00000")&"""" -> 0.00000" | BY13: 4
B14: 4 | C14: B | W14: Tested By: | X14: =Info!B6 -> 0 | AF14: =AF13 -> 0 | AG14: =AG13 -> 0 | AH14: =AH13 -> 0 | AI14: =AI13 -> 0 | AJ14: =AJ13 -> 0 | AL14: =IF($Z$16=TRUE,(ROUND(D14/25.4,5)),D14) -> 0 | AM14: =IF($Z$16=TRUE,(ROUND(E14/25.4,5)),E14) -> 0 | AN14: =IF($Z$16=TRUE,(ROUND(F14/25.4,5)),F14) -> 0 | AO14: =IF($Z$16=TRUE,(ROUND(G14/25.4,5)),G14) -> 0 | AP14: =IF($Z$16=TRUE,(ROUND(H14/25.4,5)),H14) -> 0 | AU14: =IF($AT$3=TRUE,AL14*$AS$3,AL14) -> 0 | AV14: =IF($AT$3=TRUE,AM14*$AS$3,AM14) -> 0 | AW14: =IF($AT$3=TRUE,AN14*$AS$3,AN14) -> 0 | AX14: =IF($AT$3=TRUE,AO14*$AS$3,AO14) -> 0 | AY14: =IF($AT$3=TRUE,AP14*$AS$3,AP14) -> 0 | BA14: =IF(D14=0,0,AU14-AF14) -> 0 | BB14: =IF(E14=0,0,AV14-AG14) -> 0 | BC14: =IF(F14=0,0,AW14-AH14) -> 0 | BD14: =IF(G14=0,0,AX14-AI14) -> 0 | BE14: =IF(H14=0,0,AY14-AJ14) -> 0 | BG14: Min | BH14: =MIN(BA13:BA15) -> 0 | BI14: =MIN(BB13:BB15) -> 0 | BJ14: =MIN(BC13:BC15) -> 0 | BK14: =MIN(BD13:BD15) -> 0 | BL14: =MIN(BE13:BE15) -> 0
B15: Front | C15: C | W15: Page: | X15: =Switches!BJ4 -> 1 | Y15: Pages: | Z15: =Switches!BI8 -> 1 | AF15: =AF14 -> 0 | AG15: =AG14 -> 0 | AH15: =AH14 -> 0 | AI15: =AI14 -> 0 | AJ15: =AJ14 -> 0 | AL15: =IF($Z$16=TRUE,(ROUND(D15/25.4,5)),D15) -> 0 | AM15: =IF($Z$16=TRUE,(ROUND(E15/25.4,5)),E15) -> 0 | AN15: =IF($Z$16=TRUE,(ROUND(F15/25.4,5)),F15) -> 0 | AO15: =IF($Z$16=TRUE,(ROUND(G15/25.4,5)),G15) -> 0 | AP15: =IF($Z$16=TRUE,(ROUND(H15/25.4,5)),H15) -> 0 | AU15: =IF($AT$3=TRUE,AL15*$AS$3,AL15) -> 0 | AV15: =IF($AT$3=TRUE,AM15*$AS$3,AM15) -> 0 | AW15: =IF($AT$3=TRUE,AN15*$AS$3,AN15) -> 0 | AX15: =IF($AT$3=TRUE,AO15*$AS$3,AO15) -> 0 | AY15: =IF($AT$3=TRUE,AP15*$AS$3,AP15) -> 0 | BA15: =IF(D15=0,0,AU15-AF15) -> 0 | BB15: =IF(E15=0,0,AV15-AG15) -> 0 | BC15: =IF(F15=0,0,AW15-AH15) -> 0 | BD15: =IF(G15=0,0,AX15-AI15) -> 0 | BE15: =IF(H15=0,0,AY15-AJ15) -> 0 | BG15: Range | BH15: =BH13-BH14 -> 0 | BI15: =BI13-BI14 -> 0 | BJ15: =BJ13-BJ14 -> 0 | BK15: =BK13-BK14 -> 0 | BL15: =BL13-BL14 -> 0
B16: Diagonal | C16: A | W16: Tolerance: | X16: =Switches!J4 -> #N/A | Y16: Metric: | Z16: =Switches!Y9 -> FALSE | AF16: =AF15 -> 0 | AG16: =AG15 -> 0 | AH16: =AH15 -> 0 | AI16: =AI15 -> 0 | AJ16: =AJ15 -> 0 | AL16: =IF($Z$16=TRUE,(ROUND(D16/25.4,5)),D16) -> 0 | AM16: =IF($Z$16=TRUE,(ROUND(E16/25.4,5)),E16) -> 0 | AN16: =IF($Z$16=TRUE,(ROUND(F16/25.4,5)),F16) -> 0 | AO16: =IF($Z$16=TRUE,(ROUND(G16/25.4,5)),G16) -> 0 | AP16: =IF($Z$16=TRUE,(ROUND(H16/25.4,5)),H16) -> 0 | AU16: =IF($AT$3=TRUE,AL16*$AS$3,AL16) -> 0 | AV16: =IF($AT$3=TRUE,AM16*$AS$3,AM16) -> 0 | AW16: =IF($AT$3=TRUE,AN16*$AS$3,AN16) -> 0 | AX16: =IF($AT$3=TRUE,AO16*$AS$3,AO16) -> 0 | AY16: =IF($AT$3=TRUE,AP16*$AS$3,AP16) -> 0 | BA16: =IF(D16=0,0,AU16-AF16) -> 0 | BB16: =IF(E16=0,0,AV16-AG16) -> 0 | BC16: =IF(F16=0,0,AW16-AH16) -> 0 | BD16: =IF(G16=0,0,AX16-AI16) -> 0 | BE16: =IF(H16=0,0,AY16-AJ16) -> 0 | BG16: Max | BH16: =MAX(BA16:BA18) -> 0 | BI16: =MAX(BB16:BB18) -> 0 | BJ16: =MAX(BC16:BC18) -> 0 | BK16: =MAX(BD16:BD18) -> 0 | BL16: =MAX(BE16:BE18) -> 0 | BN16: =MAX(BA16:BE18) -> 0 | BO16: =MIN(BA16:BE18) -> 0 | BP16: =ABS(BN16) -> 0 | BQ16: =ABS(BO16) -> 0 | BS16: 5 | BT16: =MAX(BP16:BQ16) -> 0 | BV16: Euni | BW16: =TEXT(BT16,"0.00000")&"""" -> 0.00000" | BY16: 5
B17: 5 | C17: B | W17: Tolerance Method: | X17: =Switches!AC2 -> 1 | Y17: =IF(X17=1,Switches!AD2,IF(X17=2,Switches!AD3,IF(X17=3,Switches!AD4,"error"))) -> Max Dev | AF17: =AF16 -> 0 | AG17: =AG16 -> 0 | AH17: =AH16 -> 0 | AI17: =AI16 -> 0 | AJ17: =AJ16 -> 0 | AL17: =IF($Z$16=TRUE,(ROUND(D17/25.4,5)),D17) -> 0 | AM17: =IF($Z$16=TRUE,(ROUND(E17/25.4,5)),E17) -> 0 | AN17: =IF($Z$16=TRUE,(ROUND(F17/25.4,5)),F17) -> 0 | AO17: =IF($Z$16=TRUE,(ROUND(G17/25.4,5)),G17) -> 0 | AP17: =IF($Z$16=TRUE,(ROUND(H17/25.4,5)),H17) -> 0 | AU17: =IF($AT$3=TRUE,AL17*$AS$3,AL17) -> 0 | AV17: =IF($AT$3=TRUE,AM17*$AS$3,AM17) -> 0 | AW17: =IF($AT$3=TRUE,AN17*$AS$3,AN17) -> 0 | AX17: =IF($AT$3=TRUE,AO17*$AS$3,AO17) -> 0 | AY17: =IF($AT$3=TRUE,AP17*$AS$3,AP17) -> 0 | BA17: =IF(D17=0,0,AU17-AF17) -> 0 | BB17: =IF(E17=0,0,AV17-AG17) -> 0 | BC17: =IF(F17=0,0,AW17-AH17) -> 0 | BD17: =IF(G17=0,0,AX17-AI17) -> 0 | BE17: =IF(H17=0,0,AY17-AJ17) -> 0 | BG17: Min | BH17: =MIN(BA16:BA18) -> 0 | BI17: =MIN(BB16:BB18) -> 0 | BJ17: =MIN(BC16:BC18) -> 0 | BK17: =MIN(BD16:BD18) -> 0 | BL17: =MIN(BE16:BE18) -> 0
B18: Back-Right | C18: C | W18: Measuring Range: | X18: =Info!B16 -> #N/A | AF18: =AF17 -> 0 | AG18: =AG17 -> 0 | AH18: =AH17 -> 0 | AI18: =AI17 -> 0 | AJ18: =AJ17 -> 0 | AL18: =IF($Z$16=TRUE,(ROUND(D18/25.4,5)),D18) -> 0 | AM18: =IF($Z$16=TRUE,(ROUND(E18/25.4,5)),E18) -> 0 | AN18: =IF($Z$16=TRUE,(ROUND(F18/25.4,5)),F18) -> 0 | AO18: =IF($Z$16=TRUE,(ROUND(G18/25.4,5)),G18) -> 0 | AP18: =IF($Z$16=TRUE,(ROUND(H18/25.4,5)),H18) -> 0 | AU18: =IF($AT$3=TRUE,AL18*$AS$3,AL18) -> 0 | AV18: =IF($AT$3=TRUE,AM18*$AS$3,AM18) -> 0 | AW18: =IF($AT$3=TRUE,AN18*$AS$3,AN18) -> 0 | AX18: =IF($AT$3=TRUE,AO18*$AS$3,AO18) -> 0 | AY18: =IF($AT$3=TRUE,AP18*$AS$3,AP18) -> 0 | BA18: =IF(D18=0,0,AU18-AF18) -> 0 | BB18: =IF(E18=0,0,AV18-AG18) -> 0 | BC18: =IF(F18=0,0,AW18-AH18) -> 0 | BD18: =IF(G18=0,0,AX18-AI18) -> 0 | BE18: =IF(H18=0,0,AY18-AJ18) -> 0 | BG18: Range | BH18: =BH16-BH17 -> 0 | BI18: =BI16-BI17 -> 0 | BJ18: =BJ16-BJ17 -> 0 | BK18: =BK16-BK17 -> 0 | BL18: =BL16-BL17 -> 0
B19: Diagonal | C19: A | W19: Block CTE | X19: =Standards!J16 -> 6e-06 | AF19: =AF18 -> 0 | AG19: =AG18 -> 0 | AH19: =AH18 -> 0 | AI19: =AI18 -> 0 | AJ19: =AJ18 -> 0 | AL19: =IF($Z$16=TRUE,(ROUND(D19/25.4,5)),D19) -> 0 | AM19: =IF($Z$16=TRUE,(ROUND(E19/25.4,5)),E19) -> 0 | AN19: =IF($Z$16=TRUE,(ROUND(F19/25.4,5)),F19) -> 0 | AO19: =IF($Z$16=TRUE,(ROUND(G19/25.4,5)),G19) -> 0 | AP19: =IF($Z$16=TRUE,(ROUND(H19/25.4,5)),H19) -> 0 | AU19: =IF($AT$3=TRUE,AL19*$AS$3,AL19) -> 0 | AV19: =IF($AT$3=TRUE,AM19*$AS$3,AM19) -> 0 | AW19: =IF($AT$3=TRUE,AN19*$AS$3,AN19) -> 0 | AX19: =IF($AT$3=TRUE,AO19*$AS$3,AO19) -> 0 | AY19: =IF($AT$3=TRUE,AP19*$AS$3,AP19) -> 0 | BA19: =IF(D19=0,0,AU19-AF19) -> 0 | BB19: =IF(E19=0,0,AV19-AG19) -> 0 | BC19: =IF(F19=0,0,AW19-AH19) -> 0 | BD19: =IF(G19=0,0,AX19-AI19) -> 0 | BE19: =IF(H19=0,0,AY19-AJ19) -> 0 | BG19: Max | BH19: =MAX(BA19:BA21) -> 0 | BI19: =MAX(BB19:BB21) -> 0 | BJ19: =MAX(BC19:BC21) -> 0 | BK19: =MAX(BD19:BD21) -> 0 | BL19: =MAX(BE19:BE21) -> 0 | BN19: =MAX(BA19:BE21) -> 0 | BO19: =MIN(BA19:BE21) -> 0 | BP19: =ABS(BN19) -> 0 | BQ19: =ABS(BO19) -> 0 | BS19: 6 | BT19: =MAX(BP19:BQ19) -> 0 | BV19: Euni | BW19: =TEXT(BT19,"0.00000")&"""" -> 0.00000" | BY19: 6
B20: 6 | C20: B | W20: Temp Comp | X20: =Switches!Z9 -> FALSE | AF20: =AF19 -> 0 | AG20: =AG19 -> 0 | AH20: =AH19 -> 0 | AI20: =AI19 -> 0 | AJ20: =AJ19 -> 0 | AL20: =IF($Z$16=TRUE,(ROUND(D20/25.4,5)),D20) -> 0 | AM20: =IF($Z$16=TRUE,(ROUND(E20/25.4,5)),E20) -> 0 | AN20: =IF($Z$16=TRUE,(ROUND(F20/25.4,5)),F20) -> 0 | AO20: =IF($Z$16=TRUE,(ROUND(G20/25.4,5)),G20) -> 0 | AP20: =IF($Z$16=TRUE,(ROUND(H20/25.4,5)),H20) -> 0 | AU20: =IF($AT$3=TRUE,AL20*$AS$3,AL20) -> 0 | AV20: =IF($AT$3=TRUE,AM20*$AS$3,AM20) -> 0 | AW20: =IF($AT$3=TRUE,AN20*$AS$3,AN20) -> 0 | AX20: =IF($AT$3=TRUE,AO20*$AS$3,AO20) -> 0 | AY20: =IF($AT$3=TRUE,AP20*$AS$3,AP20) -> 0 | BA20: =IF(D20=0,0,AU20-AF20) -> 0 | BB20: =IF(E20=0,0,AV20-AG20) -> 0 | BC20: =IF(F20=0,0,AW20-AH20) -> 0 | BD20: =IF(G20=0,0,AX20-AI20) -> 0 | BE20: =IF(H20=0,0,AY20-AJ20) -> 0 | BG20: Min | BH20: =MIN(BA19:BA21) -> 0 | BI20: =MIN(BB19:BB21) -> 0 | BJ20: =MIN(BC19:BC21) -> 0 | BK20: =MIN(BD19:BD21) -> 0 | BL20: =MIN(BE19:BE21) -> 0
B21: Back-Left | C21: C | W21: Length 1: | X21: =Switches!AT2 -> 0 | AF21: =AF20 -> 0 | AG21: =AG20 -> 0 | AH21: =AH20 -> 0 | AI21: =AI20 -> 0 | AJ21: =AJ20 -> 0 | AL21: =IF($Z$16=TRUE,(ROUND(D21/25.4,5)),D21) -> 0 | AM21: =IF($Z$16=TRUE,(ROUND(E21/25.4,5)),E21) -> 0 | AN21: =IF($Z$16=TRUE,(ROUND(F21/25.4,5)),F21) -> 0 | AO21: =IF($Z$16=TRUE,(ROUND(G21/25.4,5)),G21) -> 0 | AP21: =IF($Z$16=TRUE,(ROUND(H21/25.4,5)),H21) -> 0 | AU21: =IF($AT$3=TRUE,AL21*$AS$3,AL21) -> 0 | AV21: =IF($AT$3=TRUE,AM21*$AS$3,AM21) -> 0 | AW21: =IF($AT$3=TRUE,AN21*$AS$3,AN21) -> 0 | AX21: =IF($AT$3=TRUE,AO21*$AS$3,AO21) -> 0 | AY21: =IF($AT$3=TRUE,AP21*$AS$3,AP21) -> 0 | BA21: =IF(D21=0,0,AU21-AF21) -> 0 | BB21: =IF(E21=0,0,AV21-AG21) -> 0 | BC21: =IF(F21=0,0,AW21-AH21) -> 0 | BD21: =IF(G21=0,0,AX21-AI21) -> 0 | BE21: =IF(H21=0,0,AY21-AJ21) -> 0 | BG21: Range | BH21: =BH19-BH20 -> 0 | BI21: =BI19-BI20 -> 0 | BJ21: =BJ19-BJ20 -> 0 | BK21: =BK19-BK20 -> 0 | BL21: =BL19-BL20 -> 0
B22: Vertical | C22: A | W22: Length 2: | X22: =Switches!AU2 -> 0 | AF22: =AF21 -> 0 | AG22: =AG21 -> 0 | AH22: =AH21 -> 0 | AI22: =AI21 -> 0 | AJ22: =AJ21 -> 0 | AL22: =IF($Z$16=TRUE,(ROUND(D22/25.4,5)),D22) -> 0 | AM22: =IF($Z$16=TRUE,(ROUND(E22/25.4,5)),E22) -> 0 | AN22: =IF($Z$16=TRUE,(ROUND(F22/25.4,5)),F22) -> 0 | AO22: =IF($Z$16=TRUE,(ROUND(G22/25.4,5)),G22) -> 0 | AP22: =IF($Z$16=TRUE,(ROUND(H22/25.4,5)),H22) -> 0 | AU22: =IF($AT$3=TRUE,AL22*$AS$3,AL22) -> 0 | AV22: =IF($AT$3=TRUE,AM22*$AS$3,AM22) -> 0 | AW22: =IF($AT$3=TRUE,AN22*$AS$3,AN22) -> 0 | AX22: =IF($AT$3=TRUE,AO22*$AS$3,AO22) -> 0 | AY22: =IF($AT$3=TRUE,AP22*$AS$3,AP22) -> 0 | BA22: =IF(D22=0,0,AU22-AF22) -> 0 | BB22: =IF(E22=0,0,AV22-AG22) -> 0 | BC22: =IF(F22=0,0,AW22-AH22) -> 0 | BD22: =IF(G22=0,0,AX22-AI22) -> 0 | BE22: =IF(H22=0,0,AY22-AJ22) -> 0 | BG22: Max | BH22: =MAX(BA22:BA24) -> 0 | BI22: =MAX(BB22:BB24) -> 0 | BJ22: =MAX(BC22:BC24) -> 0 | BK22: =MAX(BD22:BD24) -> 0 | BL22: =MAX(BE22:BE24) -> 0 | BN22: =MAX(BA22:BE24) -> 0 | BO22: =MIN(BA22:BE24) -> 0 | BP22: =ABS(BN22) -> 0 | BQ22: =ABS(BO22) -> 0 | BS22: 7 | BT22: =MAX(BP22:BQ22) -> 0 | BV22: Euni | BW22: =TEXT(BT22,"0.00000")&"""" -> 0.00000" | BY22: 7
B23: 7 | C23: B | W23: Length 3: | X23: =Switches!AV2 -> 0 | AF23: =AF22 -> 0 | AG23: =AG22 -> 0 | AH23: =AH22 -> 0 | AI23: =AI22 -> 0 | AJ23: =AJ22 -> 0 | AL23: =IF($Z$16=TRUE,(ROUND(D23/25.4,5)),D23) -> 0 | AM23: =IF($Z$16=TRUE,(ROUND(E23/25.4,5)),E23) -> 0 | AN23: =IF($Z$16=TRUE,(ROUND(F23/25.4,5)),F23) -> 0 | AO23: =IF($Z$16=TRUE,(ROUND(G23/25.4,5)),G23) -> 0 | AP23: =IF($Z$16=TRUE,(ROUND(H23/25.4,5)),H23) -> 0 | AU23: =IF($AT$3=TRUE,AL23*$AS$3,AL23) -> 0 | AV23: =IF($AT$3=TRUE,AM23*$AS$3,AM23) -> 0 | AW23: =IF($AT$3=TRUE,AN23*$AS$3,AN23) -> 0 | AX23: =IF($AT$3=TRUE,AO23*$AS$3,AO23) -> 0 | AY23: =IF($AT$3=TRUE,AP23*$AS$3,AP23) -> 0 | BA23: =IF(D23=0,0,AU23-AF23) -> 0 | BB23: =IF(E23=0,0,AV23-AG23) -> 0 | BC23: =IF(F23=0,0,AW23-AH23) -> 0 | BD23: =IF(G23=0,0,AX23-AI23) -> 0 | BE23: =IF(H23=0,0,AY23-AJ23) -> 0 | BG23: Min | BH23: =MIN(BA22:BA24) -> 0 | BI23: =MIN(BB22:BB24) -> 0 | BJ23: =MIN(BC22:BC24) -> 0 | BK23: =MIN(BD22:BD24) -> 0 | BL23: =MIN(BE22:BE24) -> 0
B24: Front | C24: C | W24: Length 4: | X24: =Switches!AW2 -> 0 | AF24: =AF23 -> 0 | AG24: =AG23 -> 0 | AH24: =AH23 -> 0 | AI24: =AI23 -> 0 | AJ24: =AJ23 -> 0 | AL24: =IF($Z$16=TRUE,(ROUND(D24/25.4,5)),D24) -> 0 | AM24: =IF($Z$16=TRUE,(ROUND(E24/25.4,5)),E24) -> 0 | AN24: =IF($Z$16=TRUE,(ROUND(F24/25.4,5)),F24) -> 0 | AO24: =IF($Z$16=TRUE,(ROUND(G24/25.4,5)),G24) -> 0 | AP24: =IF($Z$16=TRUE,(ROUND(H24/25.4,5)),H24) -> 0 | AU24: =IF($AT$3=TRUE,AL24*$AS$3,AL24) -> 0 | AV24: =IF($AT$3=TRUE,AM24*$AS$3,AM24) -> 0 | AW24: =IF($AT$3=TRUE,AN24*$AS$3,AN24) -> 0 | AX24: =IF($AT$3=TRUE,AO24*$AS$3,AO24) -> 0 | AY24: =IF($AT$3=TRUE,AP24*$AS$3,AP24) -> 0 | BA24: =IF(D24=0,0,AU24-AF24) -> 0 | BB24: =IF(E24=0,0,AV24-AG24) -> 0 | BC24: =IF(F24=0,0,AW24-AH24) -> 0 | BD24: =IF(G24=0,0,AX24-AI24) -> 0 | BE24: =IF(H24=0,0,AY24-AJ24) -> 0 | BG24: Range | BH24: =BH22-BH23 -> 0 | BI24: =BI22-BI23 -> 0 | BJ24: =BJ22-BJ23 -> 0 | BK24: =BK22-BK23 -> 0 | BL24: =BL22-BL23 -> 0
W25: Length 5: | X25: =Switches!AX2 -> 0
V26: Report No. | W26: =X9 -> 0 | AE26: ="Page "&X15&" of "&Z15 -> Page 1 of 1
Z28: Johnson Gage and Inspection, Inc.
Z29: 5920 West 21st Street North, Wichita, KS 67205
Z30: Phone 316.943.7532 FAX 316.944.6256
Z32: Length Measurement Error Test Record
BA33: Dev Squared
V34: Customer: | W34: =X10 -> 0 | BA34: =BA4*BA4 -> 0 | BB34: =BB4*BB4 -> 0 | BC34: =BC4*BC4 -> 0 | BD34: =BD4*BD4 -> 0 | BE34: =BE4*BE4 -> 0
V35: Machine I.D: | W35: =X11 -> #N/A | AC35: Date Tested: | AD35: =X13 -> 0 | BA35: =BA5*BA5 -> 0 | BB35: =BB5*BB5 -> 0 | BC35: =BC5*BC5 -> 0 | BD35: =BD5*BD5 -> 0 | BE35: =BE5*BE5 -> 0
V36: Serial No: | W36: =X12 -> 0 | AC36: Tested By: | AD36: =X14 -> 0 | BA36: =BA6*BA6 -> 0 | BB36: =BB6*BB6 -> 0 | BC36: =BC6*BC6 -> 0 | BD36: =BD6*BD6 -> 0 | BE36: =BE6*BE6 -> 0
BA37: =BA7*BA7 -> 0 | BB37: =BB7*BB7 -> 0 | BC37: =BC7*BC7 -> 0 | BD37: =BD7*BD7 -> 0 | BE37: =BE7*BE7 -> 0
W38: Deviation | BA38: =BA8*BA8 -> 0 | BB38: =BB8*BB8 -> 0 | BC38: =BC8*BC8 -> 0 | BD38: =BD8*BD8 -> 0 | BE38: =BE8*BE8 -> 0
U39: Position | V39: Test | W39: =O98&"""" -> 0" | X39: =P98&"""" -> 0" | Y39: =Q98&"""" -> 0" | Z39: =R98&"""" -> 0" | AA39: =S98&"""" -> 0" | BA39: =BA9*BA9 -> 0 | BB39: =BB9*BB9 -> 0 | BC39: =BC9*BC9 -> 0 | BD39: =BD9*BD9 -> 0 | BE39: =BE9*BE9 -> 0
U40: =B4 -> Horizontal | V40: A | W40: =TEXT(BA4,"0.00000")&"""" -> 0.00000" | X40: =TEXT(BB4,"0.00000")&"""" -> 0.00000" | Y40: =TEXT(BC4,"0.00000")&"""" -> 0.00000" | Z40: =TEXT(BD4,"0.00000")&"""" -> 0.00000" | AA40: =TEXT(BE4,"0.00000")&"""" -> 0.00000" | AC40: EUni | BA40: =BA10*BA10 -> 0 | BB40: =BB10*BB10 -> 0 | BC40: =BC10*BC10 -> 0 | BD40: =BD10*BD10 -> 0 | BE40: =BE10*BE10 -> 0
U41: =B5 -> 1 | V41: B | W41: =TEXT(BA5,"0.00000")&"""" -> 0.00000" | X41: =TEXT(BB5,"0.00000")&"""" -> 0.00000" | Y41: =TEXT(BC5,"0.00000")&"""" -> 0.00000" | Z41: =TEXT(BD5,"0.00000")&"""" -> 0.00000" | AA41: =TEXT(BE5,"0.00000")&"""" -> 0.00000" | BA41: =BA11*BA11 -> 0 | BB41: =BB11*BB11 -> 0 | BC41: =BC11*BC11 -> 0 | BD41: =BD11*BD11 -> 0 | BE41: =BE11*BE11 -> 0
U42: =B6 -> Front | V42: C | W42: =TEXT(BA6,"0.00000")&"""" -> 0.00000" | X42: =TEXT(BB6,"0.00000")&"""" -> 0.00000" | Y42: =TEXT(BC6,"0.00000")&"""" -> 0.00000" | Z42: =TEXT(BD6,"0.00000")&"""" -> 0.00000" | AA42: =TEXT(BE6,"0.00000")&"""" -> 0.00000" | AC42: Minimum: | AD42: =TEXT(AG42,"0.00000")&"""" -> 0.00000" | AG42: =MIN(BA4:BE24) -> 0 | AH42: =ABS(AG42) -> 0 | BA42: =BA12*BA12 -> 0 | BB42: =BB12*BB12 -> 0 | BC42: =BC12*BC12 -> 0 | BD42: =BD12*BD12 -> 0 | BE42: =BE12*BE12 -> 0
U43: =B7 -> Horizontal | V43: A | W43: =TEXT(BA7,"0.00000")&"""" -> 0.00000" | X43: =TEXT(BB7,"0.00000")&"""" -> 0.00000" | Y43: =TEXT(BC7,"0.00000")&"""" -> 0.00000" | Z43: =TEXT(BD7,"0.00000")&"""" -> 0.00000" | AA43: =TEXT(BE7,"0.00000")&"""" -> 0.00000" | AC43: Maximum: | AD43: =TEXT(AG43,"0.00000")&"""" -> 0.00000" | AG43: =MAX(BA4:BE24) -> 0 | AH43: =ABS(AG43) -> 0 | BA43: =BA13*BA13 -> 0 | BB43: =BB13*BB13 -> 0 | BC43: =BC13*BC13 -> 0 | BD43: =BD13*BD13 -> 0 | BE43: =BE13*BE13 -> 0
U44: =B8 -> 2 | V44: B | W44: =TEXT(BA8,"0.00000")&"""" -> 0.00000" | X44: =TEXT(BB8,"0.00000")&"""" -> 0.00000" | Y44: =TEXT(BC8,"0.00000")&"""" -> 0.00000" | Z44: =TEXT(BD8,"0.00000")&"""" -> 0.00000" | AA44: =TEXT(BE8,"0.00000")&"""" -> 0.00000" | AC44: Average Deviation: | AD44: =TEXT(AG44,"0.00000")&"""" -> 0.00000" | AG44: =AVERAGE(BA4:BE24) -> 0 | BA44: =BA14*BA14 -> 0 | BB44: =BB14*BB14 -> 0 | BC44: =BC14*BC14 -> 0 | BD44: =BD14*BD14 -> 0 | BE44: =BE14*BE14 -> 0
U45: =B9 -> Back-Right | V45: C | W45: =TEXT(BA9,"0.00000")&"""" -> 0.00000" | X45: =TEXT(BB9,"0.00000")&"""" -> 0.00000" | Y45: =TEXT(BC9,"0.00000")&"""" -> 0.00000" | Z45: =TEXT(BD9,"0.00000")&"""" -> 0.00000" | AA45: =TEXT(BE9,"0.00000")&"""" -> 0.00000" | AC45: Standard Deviation: | AD45: =TEXT(AG45,"0.00000")&"""" -> 0.00000" | AG45: =_xlfn.STDEV.S(BA4:BE24) -> 0 | AH45: =ABS(AG44)+2*AG45 -> 0 | BA45: =BA15*BA15 -> 0 | BB45: =BB15*BB15 -> 0 | BC45: =BC15*BC15 -> 0 | BD45: =BD15*BD15 -> 0 | BE45: =BE15*BE15 -> 0
U46: =B10 -> Horizontal | V46: A | W46: =TEXT(BA10,"0.00000")&"""" -> 0.00000" | X46: =TEXT(BB10,"0.00000")&"""" -> 0.00000" | Y46: =TEXT(BC10,"0.00000")&"""" -> 0.00000" | Z46: =TEXT(BD10,"0.00000")&"""" -> 0.00000" | AA46: =TEXT(BE10,"0.00000")&"""" -> 0.00000" | AC46: Average + 2 Sigma: | AD46: =TEXT(AG46,"0.00000")&"""" -> 0.00000" | AG46: =IF(AG44>0,AH45,-AH45) -> 0 | BA46: =BA16*BA16 -> 0 | BB46: =BB16*BB16 -> 0 | BC46: =BC16*BC16 -> 0 | BD46: =BD16*BD16 -> 0 | BE46: =BE16*BE16 -> 0
U47: =B11 -> 3 | V47: B | W47: =TEXT(BA11,"0.00000")&"""" -> 0.00000" | X47: =TEXT(BB11,"0.00000")&"""" -> 0.00000" | Y47: =TEXT(BC11,"0.00000")&"""" -> 0.00000" | Z47: =TEXT(BD11,"0.00000")&"""" -> 0.00000" | AA47: =TEXT(BE11,"0.00000")&"""" -> 0.00000" | AC47: Max Dev: | AD47: =TEXT(AG47,"0.00000")&"""" -> 0.00000" | AG47: =IF(AH42>AH43,AG42,AG43) -> 0 | BA47: =BA17*BA17 -> 0 | BB47: =BB17*BB17 -> 0 | BC47: =BC17*BC17 -> 0 | BD47: =BD17*BD17 -> 0 | BE47: =BE17*BE17 -> 0
U48: =B12 -> Back-Left | V48: C | W48: =TEXT(BA12,"0.00000")&"""" -> 0.00000" | X48: =TEXT(BB12,"0.00000")&"""" -> 0.00000" | Y48: =TEXT(BC12,"0.00000")&"""" -> 0.00000" | Z48: =TEXT(BD12,"0.00000")&"""" -> 0.00000" | AA48: =TEXT(BE12,"0.00000")&"""" -> 0.00000" | AC48: 2RMS: | AD48: =TEXT(AG48,"0.00000")&"""" -> 0.00000" | AG48: =BB57 -> 0 | BA48: =BA18*BA18 -> 0 | BB48: =BB18*BB18 -> 0 | BC48: =BC18*BC18 -> 0 | BD48: =BD18*BD18 -> 0 | BE48: =BE18*BE18 -> 0
U49: =B13 -> Diagonal | V49: A | W49: =TEXT(BA13,"0.00000")&"""" -> 0.00000" | X49: =TEXT(BB13,"0.00000")&"""" -> 0.00000" | Y49: =TEXT(BC13,"0.00000")&"""" -> 0.00000" | Z49: =TEXT(BD13,"0.00000")&"""" -> 0.00000" | AA49: =TEXT(BE13,"0.00000")&"""" -> 0.00000" | BA49: =BA19*BA19 -> 0 | BB49: =BB19*BB19 -> 0 | BC49: =BC19*BC19 -> 0 | BD49: =BD19*BD19 -> 0 | BE49: =BE19*BE19 -> 0
U50: =B14 -> 4 | V50: B | W50: =TEXT(BA14,"0.00000")&"""" -> 0.00000" | X50: =TEXT(BB14,"0.00000")&"""" -> 0.00000" | Y50: =TEXT(BC14,"0.00000")&"""" -> 0.00000" | Z50: =TEXT(BD14,"0.00000")&"""" -> 0.00000" | AA50: =TEXT(BE14,"0.00000")&"""" -> 0.00000" | AC50: =Y17&" Tolerance:" -> Max Dev Tolerance: | AD50: =TEXT(AG50,"0.00000")&"""" -> #N/A | AE50: (MPE) | AG50: =X16 -> #N/A | BA50: =BA20*BA20 -> 0 | BB50: =BB20*BB20 -> 0 | BC50: =BC20*BC20 -> 0 | BD50: =BD20*BD20 -> 0 | BE50: =BE20*BE20 -> 0
U51: =B15 -> Front | V51: C | W51: =TEXT(BA15,"0.00000")&"""" -> 0.00000" | X51: =TEXT(BB15,"0.00000")&"""" -> 0.00000" | Y51: =TEXT(BC15,"0.00000")&"""" -> 0.00000" | Z51: =TEXT(BD15,"0.00000")&"""" -> 0.00000" | AA51: =TEXT(BE15,"0.00000")&"""" -> 0.00000" | BA51: =BA21*BA21 -> 0 | BB51: =BB21*BB21 -> 0 | BC51: =BC21*BC21 -> 0 | BD51: =BD21*BD21 -> 0 | BE51: =BE21*BE21 -> 0
U52: =B16 -> Diagonal | V52: A | W52: =TEXT(BA16,"0.00000")&"""" -> 0.00000" | X52: =TEXT(BB16,"0.00000")&"""" -> 0.00000" | Y52: =TEXT(BC16,"0.00000")&"""" -> 0.00000" | Z52: =TEXT(BD16,"0.00000")&"""" -> 0.00000" | AA52: =TEXT(BE16,"0.00000")&"""" -> 0.00000" | BA52: =BA22*BA22 -> 0 | BB52: =BB22*BB22 -> 0 | BC52: =BC22*BC22 -> 0 | BD52: =BD22*BD22 -> 0 | BE52: =BE22*BE22 -> 0
U53: =B17 -> 5 | V53: B | W53: =TEXT(BA17,"0.00000")&"""" -> 0.00000" | X53: =TEXT(BB17,"0.00000")&"""" -> 0.00000" | Y53: =TEXT(BC17,"0.00000")&"""" -> 0.00000" | Z53: =TEXT(BD17,"0.00000")&"""" -> 0.00000" | AA53: =TEXT(BE17,"0.00000")&"""" -> 0.00000" | BA53: =BA23*BA23 -> 0 | BB53: =BB23*BB23 -> 0 | BC53: =BC23*BC23 -> 0 | BD53: =BD23*BD23 -> 0 | BE53: =BE23*BE23 -> 0 | BH53: 21 | BI53: 5 | BJ53: =BH53*BI53 -> 105
U54: =B18 -> Back-Right | V54: C | W54: =TEXT(BA18,"0.00000")&"""" -> 0.00000" | X54: =TEXT(BB18,"0.00000")&"""" -> 0.00000" | Y54: =TEXT(BC18,"0.00000")&"""" -> 0.00000" | Z54: =TEXT(BD18,"0.00000")&"""" -> 0.00000" | AA54: =TEXT(BE18,"0.00000")&"""" -> 0.00000" | BA54: =BA24*BA24 -> 0 | BB54: =BB24*BB24 -> 0 | BC54: =BC24*BC24 -> 0 | BD54: =BD24*BD24 -> 0 | BE54: =BE24*BE24 -> 0
U55: =B19 -> Diagonal | V55: A | W55: =TEXT(BA19,"0.00000")&"""" -> 0.00000" | X55: =TEXT(BB19,"0.00000")&"""" -> 0.00000" | Y55: =TEXT(BC19,"0.00000")&"""" -> 0.00000" | Z55: =TEXT(BD19,"0.00000")&"""" -> 0.00000" | AA55: =TEXT(BE19,"0.00000")&"""" -> 0.00000"
U56: =B20 -> 6 | V56: B | W56: =TEXT(BA20,"0.00000")&"""" -> 0.00000" | X56: =TEXT(BB20,"0.00000")&"""" -> 0.00000" | Y56: =TEXT(BC20,"0.00000")&"""" -> 0.00000" | Z56: =TEXT(BD20,"0.00000")&"""" -> 0.00000" | AA56: =TEXT(BE20,"0.00000")&"""" -> 0.00000" | BA56: Sum | BB56: =SUM(BA34:BE54) -> 0
U57: =B21 -> Back-Left | V57: C | W57: =TEXT(BA21,"0.00000")&"""" -> 0.00000" | X57: =TEXT(BB21,"0.00000")&"""" -> 0.00000" | Y57: =TEXT(BC21,"0.00000")&"""" -> 0.00000" | Z57: =TEXT(BD21,"0.00000")&"""" -> 0.00000" | AA57: =TEXT(BE21,"0.00000")&"""" -> 0.00000" | BA57: 2RMS | BB57: =SQRT(BB56/105)*2 -> 0
U58: =B22 -> Vertical | V58: A | W58: =TEXT(BA22,"0.00000")&"""" -> 0.00000" | X58: =TEXT(BB22,"0.00000")&"""" -> 0.00000" | Y58: =TEXT(BC22,"0.00000")&"""" -> 0.00000" | Z58: =TEXT(BD22,"0.00000")&"""" -> 0.00000" | AA58: =TEXT(BE22,"0.00000")&"""" -> 0.00000"
U59: =B23 -> 7 | V59: B | W59: =TEXT(BA23,"0.00000")&"""" -> 0.00000" | X59: =TEXT(BB23,"0.00000")&"""" -> 0.00000" | Y59: =TEXT(BC23,"0.00000")&"""" -> 0.00000" | Z59: =TEXT(BD23,"0.00000")&"""" -> 0.00000" | AA59: =TEXT(BE23,"0.00000")&"""" -> 0.00000"
U60: =B24 -> Front | V60: C | W60: =TEXT(BA24,"0.00000")&"""" -> 0.00000" | X60: =TEXT(BB24,"0.00000")&"""" -> 0.00000" | Y60: =TEXT(BC24,"0.00000")&"""" -> 0.00000" | Z60: =TEXT(BD24,"0.00000")&"""" -> 0.00000" | AA60: =TEXT(BE24,"0.00000")&"""" -> 0.00000"
W62: All results shown are in inches unless otherwise specified.
D92: Position 1 | H92: Border Multiplier (expands chart area) | I92: =J92/4 -> 1.25 | J92: 5 | L92: Max Tol | T92: Position | U92: Position | V92: Position | W92: Position | X92: Position | Y92: Position | Z92: Position | AA92: Position | AB92: Position | AC92: Position | AD92: Position | AE92: Position | AF92: Position | AG92: Position | AH92: Position | AM92: Position 2 | AQ92: Border Multiplier (expands chart area) | AR92: =I92 -> 1.25 | BC92: Position | BD92: Position | BE92: Position | BF92: Position | BG92: Position | BH92: Position | BI92: Position | BJ92: Position | BK92: Position | BL92: Position | BM92: Position | BN92: Position | BO92: Position | BP92: Position | BQ92: Position | BV92: Position 3 | BZ92: Border Multiplier (expands chart area) | CA92: =I92 -> 1.25 | CL92: Position | CM92: Position | CN92: Position | CO92: Position | CP92: Position | CQ92: Position | CR92: Position | CS92: Position | CT92: Position | CU92: Position | CV92: Position | CW92: Position | CX92: Position | CY92: Position | CZ92: Position | DE92: Position 4 | DI92: Border Multiplier (expands chart area) | DJ92: =I92 -> 1.25 | DU92: Position | DV92: Position | DW92: Position | DX92: Position | DY92: Position | DZ92: Position | EA92: Position | EB92: Position | EC92: Position | ED92: Position | EE92: Position | EF92: Position | EG92: Position | EH92: Position | EI92: Position | EN92: Position 5 | ER92: Border Multiplier (expands chart area) | ES92: =DJ92 -> 1.25 | FD92: Position | FE92: Position | FF92: Position | FG92: Position | FH92: Position | FI92: Position | FJ92: Position | FK92: Position | FL92: Position | FM92: Position | FN92: Position | FO92: Position | FP92: Position | FQ92: Position | FR92: Position | FW92: Position 6 | GA92: Border Multiplier (expands chart area) | GB92: =DJ92 -> 1.25 | GM92: Position | GN92: Position | GO92: Position | GP92: Position | GQ92: Position | GR92: Position | GS92: Position | GT92: Position | GU92: Position | GV92: Position | GW92: Position | GX92: Position | GY92: Position | GZ92: Position | HA92: Position | HF92: Position 7 | HJ92: Border Multiplier (expands chart area) | HK92: =DJ92 -> 1.25 | HV92: Position | HW92: Position | HX92: Position | HY92: Position | HZ92: Position | IA92: Position | IB92: Position | IC92: Position | ID92: Position | IE92: Position | IF92: Position | IG92: Position | IH92: Position | II92: Position | IJ92: Position
L93: =MAX(G98:G238) -> #N/A | T93: 1 | U93: 1 | V93: 1 | W93: 1 | X93: 1 | Y93: 1 | Z93: 1 | AA93: 1 | AB93: 1 | AC93: 1 | AD93: 1 | AE93: 1 | AF93: 1 | AG93: 1 | AH93: 1 | BC93: 2 | BD93: 2 | BE93: 2 | BF93: 2 | BG93: 2 | BH93: 2 | BI93: 2 | BJ93: 2 | BK93: 2 | BL93: 2 | BM93: 2 | BN93: 2 | BO93: 2 | BP93: 2 | BQ93: 2 | CL93: 3 | CM93: 3 | CN93: 3 | CO93: 3 | CP93: 3 | CQ93: 3 | CR93: 3 | CS93: 3 | CT93: 3 | CU93: 3 | CV93: 3 | CW93: 3 | CX93: 3 | CY93: 3 | CZ93: 3 | DU93: 4 | DV93: 4 | DW93: 4 | DX93: 4 | DY93: 4 | DZ93: 4 | EA93: 4 | EB93: 4 | EC93: 4 | ED93: 4 | EE93: 4 | EF93: 4 | EG93: 4 | EH93: 4 | EI93: 4 | FD93: 5 | FE93: 5 | FF93: 5 | FG93: 5 | FH93: 5 | FI93: 5 | FJ93: 5 | FK93: 5 | FL93: 5 | FM93: 5 | FN93: 5 | FO93: 5 | FP93: 5 | FQ93: 5 | FR93: 5 | GM93: 6 | GN93: 6 | GO93: 6 | GP93: 6 | GQ93: 6 | GR93: 6 | GS93: 6 | GT93: 6 | GU93: 6 | GV93: 6 | GW93: 6 | GX93: 6 | GY93: 6 | GZ93: 6 | HA93: 6 | HV93: 7 | HW93: 7 | HX93: 7 | HY93: 7 | HZ93: 7 | IA93: 7 | IB93: 7 | IC93: 7 | ID93: 7 | IE93: 7 | IF93: 7 | IG93: 7 | IH93: 7 | II93: 7 | IJ93: 7
J94: Max Dev | T94: Length | U94: Length | V94: Length | W94: Length | X94: Length | Y94: Length | Z94: Length | AA94: Length | AB94: Length | AC94: Length | AD94: Length | AE94: Length | AF94: Length | AG94: Length | AH94: Length | AS94: Max Dev | BC94: Length | BD94: Length | BE94: Length | BF94: Length | BG94: Length | BH94: Length | BI94: Length | BJ94: Length | BK94: Length | BL94: Length | BM94: Length | BN94: Length | BO94: Length | BP94: Length | BQ94: Length | CB94: Max Dev | CL94: Length | CM94: Length | CN94: Length | CO94: Length | CP94: Length | CQ94: Length | CR94: Length | CS94: Length | CT94: Length | CU94: Length | CV94: Length | CW94: Length | CX94: Length | CY94: Length | CZ94: Length | DK94: Max Dev | DU94: Length | DV94: Length | DW94: Length | DX94: Length | DY94: Length | DZ94: Length | EA94: Length | EB94: Length | EC94: Length | ED94: Length | EE94: Length | EF94: Length | EG94: Length | EH94: Length | EI94: Length | ET94: Max Dev | FD94: Length | FE94: Length | FF94: Length | FG94: Length | FH94: Length | FI94: Length | FJ94: Length | FK94: Length | FL94: Length | FM94: Length | FN94: Length | FO94: Length | FP94: Length | FQ94: Length | FR94: Length | GC94: Max Dev | GM94: Length | GN94: Length | GO94: Length | GP94: Length | GQ94: Length | GR94: Length | GS94: Length | GT94: Length | GU94: Length | GV94: Length | GW94: Length | GX94: Length | GY94: Length | GZ94: Length | HA94: Length | HL94: Max Dev | HV94: Length | HW94: Length | HX94: Length | HY94: Length | HZ94: Length | IA94: Length | IB94: Length | IC94: Length | ID94: Length | IE94: Length | IF94: Length | IG94: Length | IH94: Length | II94: Length | IJ94: Length
B95: Delete rows below position 5 (highlighted) using "right-click" + "Delete" | J95: =MAX(J99:J238) -> 0 | L95: A+M*L/K | M95: (Only A is functional) | T95: 1 | U95: 1 | V95: 1 | W95: 2 | X95: 2 | Y95: 2 | Z95: 3 | AA95: 3 | AB95: 3 | AC95: 4 | AD95: 4 | AE95: 4 | AF95: 5 | AG95: 5 | AH95: 5 | AS95: =MAX(AS99:AS238) -> 0 | AU95: A+M*L/K | BC95: 1 | BD95: 1 | BE95: 1 | BF95: 2 | BG95: 2 | BH95: 2 | BI95: 3 | BJ95: 3 | BK95: 3 | BL95: 4 | BM95: 4 | BN95: 4 | BO95: 5 | BP95: 5 | BQ95: 5 | CB95: =MAX(CB99:CB238) -> 0 | CD95: A+M*L/K | CL95: 1 | CM95: 1 | CN95: 1 | CO95: 2 | CP95: 2 | CQ95: 2 | CR95: 3 | CS95: 3 | CT95: 3 | CU95: 4 | CV95: 4 | CW95: 4 | CX95: 5 | CY95: 5 | CZ95: 5 | DK95: =MAX(DK99:DK238) -> 0 | DM95: A+M*L/K | DU95: 1 | DV95: 1 | DW95: 1 | DX95: 2 | DY95: 2 | DZ95: 2 | EA95: 3 | EB95: 3 | EC95: 3 | ED95: 4 | EE95: 4 | EF95: 4 | EG95: 5 | EH95: 5 | EI95: 5 | ET95: =MAX(ET99:ET238) -> 0 | EV95: A+M*L/K | FD95: 1 | FE95: 1 | FF95: 1 | FG95: 2 | FH95: 2 | FI95: 2 | FJ95: 3 | FK95: 3 | FL95: 3 | FM95: 4 | FN95: 4 | FO95: 4 | FP95: 5 | FQ95: 5 | FR95: 5 | GC95: =MAX(GC99:GC238) -> 0 | GE95: A+M*L/K | GM95: 1 | GN95: 1 | GO95: 1 | GP95: 2 | GQ95: 2 | GR95: 2 | GS95: 3 | GT95: 3 | GU95: 3 | GV95: 4 | GW95: 4 | GX95: 4 | GY95: 5 | GZ95: 5 | HA95: 5 | HL95: =MAX(HL99:HL238) -> 0 | HN95: A+M*L/K | HV95: 1 | HW95: 1 | HX95: 1 | HY95: 2 | HZ95: 2 | IA95: 2 | IB95: 3 | IC95: 3 | ID95: 3 | IE95: 4 | IF95: 4 | IG95: 4 | IH95: 5 | II95: 5 | IJ95: 5
T96: Measurement | U96: Measurement | V96: Measurement | W96: Measurement | X96: Measurement | Y96: Measurement | Z96: Measurement | AA96: Measurement | AB96: Measurement | AC96: Measurement | AD96: Measurement | AE96: Measurement | AF96: Measurement | AG96: Measurement | AH96: Measurement | BC96: Measurement | BD96: Measurement | BE96: Measurement | BF96: Measurement | BG96: Measurement | BH96: Measurement | BI96: Measurement | BJ96: Measurement | BK96: Measurement | BL96: Measurement | BM96: Measurement | BN96: Measurement | BO96: Measurement | BP96: Measurement | BQ96: Measurement | CL96: Measurement | CM96: Measurement | CN96: Measurement | CO96: Measurement | CP96: Measurement | CQ96: Measurement | CR96: Measurement | CS96: Measurement | CT96: Measurement | CU96: Measurement | CV96: Measurement | CW96: Measurement | CX96: Measurement | CY96: Measurement | CZ96: Measurement | DU96: Measurement | DV96: Measurement | DW96: Measurement | DX96: Measurement | DY96: Measurement | DZ96: Measurement | EA96: Measurement | EB96: Measurement | EC96: Measurement | ED96: Measurement | EE96: Measurement | EF96: Measurement | EG96: Measurement | EH96: Measurement | EI96: Measurement | FD96: Measurement | FE96: Measurement | FF96: Measurement | FG96: Measurement | FH96: Measurement | FI96: Measurement | FJ96: Measurement | FK96: Measurement | FL96: Measurement | FM96: Measurement | FN96: Measurement | FO96: Measurement | FP96: Measurement | FQ96: Measurement | FR96: Measurement | GM96: Measurement | GN96: Measurement | GO96: Measurement | GP96: Measurement | GQ96: Measurement | GR96: Measurement | GS96: Measurement | GT96: Measurement | GU96: Measurement | GV96: Measurement | GW96: Measurement | GX96: Measurement | GY96: Measurement | GZ96: Measurement | HA96: Measurement | HV96: Measurement | HW96: Measurement | HX96: Measurement | HY96: Measurement | HZ96: Measurement | IA96: Measurement | IB96: Measurement | IC96: Measurement | ID96: Measurement | IE96: Measurement | IF96: Measurement | IG96: Measurement | IH96: Measurement | II96: Measurement | IJ96: Measurement
B97: Index | C97: Length | D97: Measurement 1 | E97: Measurement 2 | F97: Measurement 3 | G97: Tol+ | H97: Tol- | I97: Border | J97: Dev | K97: A | L97: M | M97: K | N97: L | O97: L1 | P97: L2 | Q97: L3 | R97: L4 | S97: L5 | T97: 1 | U97: 2 | V97: 3 | W97: 1 | X97: 2 | Y97: 3 | Z97: 1 | AA97: 2 | AB97: 3 | AC97: 1 | AD97: 2 | AE97: 3 | AF97: 1 | AG97: 2 | AH97: 3 | AK97: Index | AL97: Length | AM97: Measurement 1 | AN97: Measurement 2 | AO97: Measurement 3 | AP97: Tol+ | AQ97: Tol- | AR97: Border | AS97: Dev | AT97: A | AU97: M | AV97: K | AW97: L | AX97: L1 | AY97: L2 | AZ97: L3 | BA97: L4 | BB97: L5 | BC97: 1 | BD97: 2 | BE97: 3 | BF97: 1 | BG97: 2 | BH97: 3 | BI97: 1 | BJ97: 2 | BK97: 3 | BL97: 1 | BM97: 2 | BN97: 3 | BO97: 1 | BP97: 2 | BQ97: 3 | BT97: Index | BU97: Length | BV97: Measurement 1 | BW97: Measurement 2 | BX97: Measurement 3 | BY97: Tol+ | BZ97: Tol- | CA97: Border | CB97: Dev | CC97: A | CD97: M | CE97: K | CF97: L | CG97: L1 | CH97: L2 | CI97: L3 | CJ97: L4 | CK97: L5 | CL97: 1 | CM97: 2 | CN97: 3 | CO97: 1 | CP97: 2 | CQ97: 3 | CR97: 1 | CS97: 2 | CT97: 3 | CU97: 1 | CV97: 2 | CW97: 3 | CX97: 1 | CY97: 2 | CZ97: 3 | DC97: Index | DD97: Length | DE97: Measurement 1 | DF97: Measurement 2 | DG97: Measurement 3 | DH97: Tol+ | DI97: Tol- | DJ97: Border | DK97: Dev | DL97: A | DM97: M | DN97: K | DO97: L | DP97: L1 | DQ97: L2 | DR97: L3 | DS97: L4 | DT97: L5 | DU97: 1 | DV97: 2 | DW97: 3 | DX97: 1 | DY97: 2 | DZ97: 3 | EA97: 1 | EB97: 2 | EC97: 3 | ED97: 1 | EE97: 2 | EF97: 3 | EG97: 1 | EH97: 2 | EI97: 3 | EL97: Index | EM97: Length | EN97: Measurement 1 | EO97: Measurement 2 | EP97: Measurement 3 | EQ97: Tol+ | ER97: Tol- | ES97: Border | ET97: Dev | EU97: A | EV97: M | EW97: K | EX97: L | EY97: L1 | EZ97: L2 | FA97: L3 | FB97: L4 | FC97: L5 | FD97: 1 | FE97: 2 | FF97: 3 | FG97: 1 | FH97: 2 | FI97: 3 | FJ97: 1 | FK97: 2 | FL97: 3 | FM97: 1 | FN97: 2 | FO97: 3 | FP97: 1 | FQ97: 2 | FR97: 3 | FU97: Index | FV97: Length | FW97: Measurement 1 | FX97: Measurement 2 | FY97: Measurement 3 | FZ97: Tol+ | GA97: Tol- | GB97: Border | GC97: Dev | GD97: A | GE97: M | GF97: K | GG97: L | GH97: L1 | GI97: L2 | GJ97: L3 | GK97: L4 | GL97: L5 | GM97: 1 | GN97: 2 | GO97: 3 | GP97: 1 | GQ97: 2 | GR97: 3 | GS97: 1 | GT97: 2 | GU97: 3 | GV97: 1 | GW97: 2 | GX97: 3 | GY97: 1 | GZ97: 2 | HA97: 3 | HD97: Index | HE97: Length | HF97: Measurement 1 | HG97: Measurement 2 | HH97: Measurement 3 | HI97: Tol+ | HJ97: Tol- | HK97: Border | HL97: Dev | HM97: A | HN97: M | HO97: K | HP97: L | HQ97: L1 | HR97: L2 | HS97: L3 | HT97: L4 | HU97: L5 | HV97: 1 | HW97: 2 | HX97: 3 | HY97: 1 | HZ97: 2 | IA97: 3 | IB97: 1 | IC97: 2 | ID97: 3 | IE97: 1 | IF97: 2 | IG97: 3 | IH97: 1 | II97: 2 | IJ97: 3
B98: =IF(C98=O98,1,IF(C98=P98,2,IF(C98=Q98,3,IF(C98=R98,4,IF(C98=S98,5,0))))) -> 1 | C98: 0 | D98: =IF(B98=1,T98,IF(B98=2,W98,IF(B98=3,Z98,IF(B98=4,AC98,IF(B98=5,AF98,NA()))))) -> 0 | E98: =IF(B98=1,U98,IF(B98=2,X98,IF(B98=3,AA98,IF(B98=4,AD98,IF(B98=5,AG98,NA()))))) -> 0 | F98: =IF(B98=1,V98,IF(B98=2,Y98,IF(B98=3,AB98,IF(B98=4,AE98,IF(B98=5,AH98,NA()))))) -> 0 | G98: =(K98+L98*N98/M98)/1000/25.4 -> #N/A | H98: =-G98 -> #N/A | K98: =X16*25.4*1000 -> #N/A | L98: 0 | M98: 1 | N98: =C98*25.4 -> 0 | O98: =ROUND(X21,0) -> 0 | P98: =ROUND(X22,0) -> 0 | Q98: =ROUND(X23,0) -> 0 | R98: =ROUND(X24,0) -> 0 | S98: =ROUND(X25,0) -> 0 | T98: =BA4 -> 0 | U98: =BA5 -> 0 | V98: =BA6 -> 0 | W98: =BB4 -> 0 | X98: =BB5 -> 0 | Y98: =BB6 -> 0 | Z98: =BC4 -> 0 | AA98: =BC5 -> 0 | AB98: =BC6 -> 0 | AC98: =BD4 -> 0 | AD98: =BD5 -> 0 | AE98: =BD6 -> 0 | AF98: =BE4 -> 0 | AG98: =BE5 -> 0 | AH98: =BE6 -> 0 | AK98: =IF(AL98=AX98,1,IF(AL98=AY98,2,IF(AL98=AZ98,3,IF(AL98=BA98,4,IF(AL98=BB98,5,0))))) -> 1 | AL98: 0 | AM98: =IF(AK98=1,BC98,IF(AK98=2,BF98,IF(AK98=3,BI98,IF(AK98=4,BL98,IF(AK98=5,BO98,NA()))))) -> 0 | AN98: =IF(AK98=1,BD98,IF(AK98=2,BG98,IF(AK98=3,BJ98,IF(AK98=4,BM98,IF(AK98=5,BP98,NA()))))) -> 0 | AO98: =IF(AK98=1,BE98,IF(AK98=2,BH98,IF(AK98=3,BK98,IF(AK98=4,BN98,IF(AK98=5,BQ98,NA()))))) -> 0 | AP98: =(AT98+AU98*AW98/AV98)/1000/25.4 -> #N/A | AQ98: =-AP98 -> #N/A | AT98: =K98 -> #N/A | AU98: =L98 -> 0 | AV98: =M98 -> 1 | AW98: =AL98*25.4 -> 0 | AX98: =O98 -> 0 | AY98: =P98 -> 0 | AZ98: =Q98 -> 0 | BA98: =R98 -> 0 | BB98: =S98 -> 0 | BC98: =BA7 -> 0 | BD98: =BA8 -> 0 | BE98: =BA9 -> 0 | BF98: =BB7 -> 0 | BG98: =BB8 -> 0 | BH98: =BB9 -> 0 | BI98: =BC7 -> 0 | BJ98: =BC8 -> 0 | BK98: =BC9 -> 0 | BL98: =BD7 -> 0 | BM98: =BD8 -> 0 | BN98: =BD9 -> 0 | BO98: =BE7 -> 0 | BP98: =BE8 -> 0 | BQ98: =BE9 -> 0 | BT98: =IF(BU98=CG98,1,IF(BU98=CH98,2,IF(BU98=CI98,3,IF(BU98=CJ98,4,IF(BU98=CK98,5,0))))) -> 1 | BU98: 0 | BV98: =IF(BT98=1,CL98,IF(BT98=2,CO98,IF(BT98=3,CR98,IF(BT98=4,CU98,IF(BT98=5,CX98,NA()))))) -> 0 | BW98: =IF(BT98=1,CM98,IF(BT98=2,CP98,IF(BT98=3,CS98,IF(BT98=4,CV98,IF(BT98=5,CY98,NA()))))) -> 0 | BX98: =IF(BT98=1,CN98,IF(BT98=2,CQ98,IF(BT98=3,CT98,IF(BT98=4,CW98,IF(BT98=5,CZ98,NA()))))) -> 0 | BY98: =(CC98+CD98*CF98/CE98)/1000/25.4 -> #N/A | BZ98: =-BY98 -> #N/A | CC98: =AT98 -> #N/A | CD98: =AU98 -> 0 | CE98: =AV98 -> 1 | CF98: =BU98*25.4 -> 0 | CG98: =AX98 -> 0 | CH98: =AY98 -> 0 | CI98: =AZ98 -> 0 | CJ98: =BA98 -> 0 | CK98: =BB98 -> 0 | CL98: =BA10 -> 0 | CM98: =BA11 -> 0 | CN98: =BA12 -> 0 | CO98: =BB10 -> 0 | CP98: =BB11 -> 0 | CQ98: =BB12 -> 0 | CR98: =BC10 -> 0 | CS98: =BC11 -> 0 | CT98: =BC12 -> 0 | CU98: =BD10 -> 0 | CV98: =BD11 -> 0 | CW98: =BD12 -> 0 | CX98: =BE10 -> 0 | CY98: =BE11 -> 0 | CZ98: =BE12 -> 0 | DC98: =IF(DD98=DP98,1,IF(DD98=DQ98,2,IF(DD98=DR98,3,IF(DD98=DS98,4,IF(DD98=DT98,5,0))))) -> 1 | DD98: 0 | DE98: =IF(DC98=1,DU98,IF(DC98=2,DX98,IF(DC98=3,EA98,IF(DC98=4,ED98,IF(DC98=5,EG98,NA()))))) -> 0 | DF98: =IF(DC98=1,DV98,IF(DC98=2,DY98,IF(DC98=3,EB98,IF(DC98=4,EE98,IF(DC98=5,EH98,NA()))))) -> 0 | DG98: =IF(DC98=1,DW98,IF(DC98=2,DZ98,IF(DC98=3,EC98,IF(DC98=4,EF98,IF(DC98=5,EI98,NA()))))) -> 0 | DH98: =(DL98+DM98*DO98/DN98)/1000/25.4 -> #N/A | DI98: =-DH98 -> #N/A | DL98: =CC98 -> #N/A | DM98: =CD98 -> 0 | DN98: =CE98 -> 1 | DO98: =DD98*25.4 -> 0 | DP98: =CG98 -> 0 | DQ98: =CH98 -> 0 | DR98: =CI98 -> 0 | DS98: =CJ98 -> 0 | DT98: =CK98 -> 0 | DU98: =BA13 -> 0 | DV98: =BA14 -> 0 | DW98: =BA15 -> 0 | DX98: =BB13 -> 0 | DY98: =BB14 -> 0 | DZ98: =BB15 -> 0 | EA98: =BC13 -> 0 | EB98: =BC14 -> 0 | EC98: =BC15 -> 0 | ED98: =BD13 -> 0 | EE98: =BD14 -> 0 | EF98: =BD15 -> 0 | EG98: =BE13 -> 0 | EH98: =BE14 -> 0 | EI98: =BE15 -> 0 | EL98: =IF(EM98=EY98,1,IF(EM98=EZ98,2,IF(EM98=FA98,3,IF(EM98=FB98,4,IF(EM98=FC98,5,0))))) -> 1 | EM98: 0 | EN98: =IF(EL98=1,FD98,IF(EL98=2,FG98,IF(EL98=3,FJ98,IF(EL98=4,FM98,IF(EL98=5,FP98,NA()))))) -> 0 | EO98: =IF(EL98=1,FE98,IF(EL98=2,FH98,IF(EL98=3,FK98,IF(EL98=4,FN98,IF(EL98=5,FQ98,NA()))))) -> 0 | EP98: =IF(EL98=1,FF98,IF(EL98=2,FI98,IF(EL98=3,FL98,IF(EL98=4,FO98,IF(EL98=5,FR98,NA()))))) -> 0 | EQ98: =(EU98+EV98*EX98/EW98)/1000/25.4 -> #N/A | ER98: =-EQ98 -> #N/A | EU98: =DL98 -> #N/A | EV98: =DM98 -> 0 | EW98: =DN98 -> 1 | EX98: =EM98*25.4 -> 0 | EY98: =DP98 -> 0 | EZ98: =DQ98 -> 0 | FA98: =DR98 -> 0 | FB98: =DS98 -> 0 | FC98: =DT98 -> 0 | FD98: =BA16 -> 0 | FE98: =BA17 -> 0 | FF98: =BA18 -> 0 | FG98: =BB16 -> 0 | FH98: =BB17 -> 0 | FI98: =BB18 -> 0 | FJ98: =BC16 -> 0 | FK98: =BC17 -> 0 | FL98: =BC18 -> 0 | FM98: =BD16 -> 0 | FN98: =BD17 -> 0 | FO98: =BD18 -> 0 | FP98: =BE16 -> 0 | FQ98: =BE17 -> 0 | FR98: =BE18 -> 0 | FU98: =IF(FV98=GH98,1,IF(FV98=GI98,2,IF(FV98=GJ98,3,IF(FV98=GK98,4,IF(FV98=GL98,5,0))))) -> 1 | FV98: 0 | FW98: =IF(FU98=1,GM98,IF(FU98=2,GP98,IF(FU98=3,GS98,IF(FU98=4,GV98,IF(FU98=5,GY98,NA()))))) -> 0 | FX98: =IF(FU98=1,GN98,IF(FU98=2,GQ98,IF(FU98=3,GT98,IF(FU98=4,GW98,IF(FU98=5,GZ98,NA()))))) -> 0 | FY98: =IF(FU98=1,GO98,IF(FU98=2,GR98,IF(FU98=3,GU98,IF(FU98=4,GX98,IF(FU98=5,HA98,NA()))))) -> 0 | FZ98: =(GD98+GE98*GG98/GF98)/1000/25.4 -> #N/A | GA98: =-FZ98 -> #N/A | GD98: =EU98 -> #N/A | GE98: =EV98 -> 0 | GF98: =EW98 -> 1 | GG98: =FV98*25.4 -> 0 | GH98: =EY98 -> 0 | GI98: =EZ98 -> 0 | GJ98: =FA98 -> 0 | GK98: =FB98 -> 0 | GL98: =FC98 -> 0 | GM98: =BA19 -> 0 | GN98: =BA20 -> 0 | GO98: =BA21 -> 0 | GP98: =BB19 -> 0 | GQ98: =BB20 -> 0 | GR98: =BB21 -> 0 | GS98: =BC19 -> 0 | GT98: =BC20 -> 0 | GU98: =BC21 -> 0 | GV98: =BD19 -> 0 | GW98: =BD20 -> 0 | GX98: =BD21 -> 0 | GY98: =BE19 -> 0 | GZ98: =BE20 -> 0 | HA98: =BE21 -> 0 | HD98: =IF(HE98=HQ98,1,IF(HE98=HR98,2,IF(HE98=HS98,3,IF(HE98=HT98,4,IF(HE98=HU98,5,0))))) -> 1 | HE98: 0 | HF98: =IF(HD98=1,HV98,IF(HD98=2,HY98,IF(HD98=3,IB98,IF(HD98=4,IE98,IF(HD98=5,IH98,NA()))))) -> 0 | HG98: =IF(HD98=1,HW98,IF(HD98=2,HZ98,IF(HD98=3,IC98,IF(HD98=4,IF98,IF(HD98=5,II98,NA()))))) -> 0 | HH98: =IF(HD98=1,HX98,IF(HD98=2,IA98,IF(HD98=3,ID98,IF(HD98=4,IG98,IF(HD98=5,IJ98,NA()))))) -> 0 | HI98: =(HM98+HN98*HP98/HO98)/1000/25.4 -> #N/A | HJ98: =-HI98 -> #N/A | HM98: =GD98 -> #N/A | HN98: =GE98 -> 0 | HO98: =GF98 -> 1 | HP98: =HE98*25.4 -> 0 | HQ98: =GH98 -> 0 | HR98: =GI98 -> 0 | HS98: =GJ98 -> 0 | HT98: =GK98 -> 0 | HU98: =GL98 -> 0 | HV98: =BA22 -> 0 | HW98: =BA23 -> 0 | HX98: =BA24 -> 0 | HY98: =BB22 -> 0 | HZ98: =BB23 -> 0 | IA98: =BB24 -> 0 | IB98: =BC22 -> 0 | IC98: =BC23 -> 0 | ID98: =BC24 -> 0 | IE98: =BD22 -> 0 | IF98: =BD23 -> 0 | IG98: =BD24 -> 0 | IH98: =BE22 -> 0 | II98: =BE23 -> 0 | IJ98: =BE24 -> 0
B99: =IF(C99=O99,1,IF(C99=P99,2,IF(C99=Q99,3,IF(C99=R99,4,IF(C99=S99,5,0))))) -> 0 | C99: 1 | D99: =IF(B99=1,T99,IF(B99=2,W99,IF(B99=3,Z99,IF(B99=4,AC99,IF(B99=5,AF99,NA()))))) -> #N/A | E99: =IF(B99=1,U99,IF(B99=2,X99,IF(B99=3,AA99,IF(B99=4,AD99,IF(B99=5,AG99,NA()))))) -> #N/A | F99: =IF(B99=1,V99,IF(B99=2,Y99,IF(B99=3,AB99,IF(B99=4,AE99,IF(B99=5,AH99,NA()))))) -> #N/A | G99: =(K99+L99*N99/M99)/1000/25.4 -> #N/A | H99: =-G99 -> #N/A | I99: =G99*I92 -> #N/A | J99: =IF(B99<1,0,IF(MAX(D99:F99)>G99,MAX(D99:F99)-G99,IF(MIN(D99:F99)<H99,ABS(MIN(D99:F99)-H99),0))) -> 0 | K99: =K98 -> #N/A | L99: =L98 -> 0 | M99: =M98 -> 1 | N99: =C99*25.4 -> 25.4 | O99: =O98 -> 0 | P99: =P98 -> 0 | Q99: =Q98 -> 0 | R99: =R98 -> 0 | S99: =S98 -> 0 | T99: =T98 -> 0 | U99: =U98 -> 0 | V99: =V98 -> 0 | ... AH99: =AH98 -> 0 | AK99: =IF(AL99=AX99,1,IF(AL99=AY99,2,IF(AL99=AZ99,3,IF(AL99=BA99,4,IF(AL99=BB99,5,0))))) -> 0 | AL99: 1 | AM99: =IF(AK99=1,BC99,IF(AK99=2,BF99,IF(AK99=3,BI99,IF(AK99=4,BL99,IF(AK99=5,BO99,NA()))))) -> #N/A | AN99: =IF(AK99=1,BD99,IF(AK99=2,BG99,IF(AK99=3,BJ99,IF(AK99=4,BM99,IF(AK99=5,BP99,NA()))))) -> #N/A | AO99: =IF(AK99=1,BE99,IF(AK99=2,BH99,IF(AK99=3,BK99,IF(AK99=4,BN99,IF(AK99=5,BQ99,NA()))))) -> #N/A | AP99: =(AT99+AU99*AW99/AV99)/1000/25.4 -> #N/A | AQ99: =-AP99 -> #N/A | AR99: =AP99*AR92 -> #N/A | AS99: =IF(AK99<1,0,IF(MAX(AM99:AO99)>AP99,MAX(AM99:AO99)-AP99,IF(MIN(AM99:AO99)<AQ99,ABS(MIN(AM99:AO99)-AQ99),0))) -> 0 | AT99: =AT98 -> #N/A | AU99: =AU98 -> 0 | AV99: =AV98 -> 1 | AW99: =AL99*25.4 -> 25.4 | AX99: =AX98 -> 0 | AY99: =AY98 -> 0 | AZ99: =AZ98 -> 0 | BA99: =BA98 -> 0 | BB99: =BB98 -> 0 | BC99: =BC98 -> 0 | BD99: =BD98 -> 0 | BE99: =BE98 -> 0 | ... BQ99: =BQ98 -> 0 | BT99: =IF(BU99=CG99,1,IF(BU99=CH99,2,IF(BU99=CI99,3,IF(BU99=CJ99,4,IF(BU99=CK99,5,0))))) -> 0 | BU99: 1 | BV99: =IF(BT99=1,CL99,IF(BT99=2,CO99,IF(BT99=3,CR99,IF(BT99=4,CU99,IF(BT99=5,CX99,NA()))))) -> #N/A | BW99: =IF(BT99=1,CM99,IF(BT99=2,CP99,IF(BT99=3,CS99,IF(BT99=4,CV99,IF(BT99=5,CY99,NA()))))) -> #N/A | BX99: =IF(BT99=1,CN99,IF(BT99=2,CQ99,IF(BT99=3,CT99,IF(BT99=4,CW99,IF(BT99=5,CZ99,NA()))))) -> #N/A | BY99: =(CC99+CD99*CF99/CE99)/1000/25.4 -> #N/A | BZ99: =-BY99 -> #N/A | CA99: =BY99*CA92 -> #N/A | CB99: =IF(BT99<1,0,IF(MAX(BV99:BX99)>BY99,MAX(BV99:BX99)-BY99,IF(MIN(BV99:BX99)<BZ99,ABS(MIN(BV99:BX99)-BZ99),0))) -> 0 | CC99: =CC98 -> #N/A | CD99: =CD98 -> 0 | CE99: =CE98 -> 1 | CF99: =BU99*25.4 -> 25.4 | CG99: =CG98 -> 0 | CH99: =CH98 -> 0 | CI99: =CI98 -> 0 | CJ99: =CJ98 -> 0 | CK99: =CK98 -> 0 | CL99: =CL98 -> 0 | CM99: =CM98 -> 0 | CN99: =CN98 -> 0 | ... CZ99: =CZ98 -> 0 | DC99: =IF(DD99=DP99,1,IF(DD99=DQ99,2,IF(DD99=DR99,3,IF(DD99=DS99,4,IF(DD99=DT99,5,0))))) -> 0 | DD99: 1 | DE99: =IF(DC99=1,DU99,IF(DC99=2,DX99,IF(DC99=3,EA99,IF(DC99=4,ED99,IF(DC99=5,EG99,NA()))))) -> #N/A | DF99: =IF(DC99=1,DV99,IF(DC99=2,DY99,IF(DC99=3,EB99,IF(DC99=4,EE99,IF(DC99=5,EH99,NA()))))) -> #N/A | DG99: =IF(DC99=1,DW99,IF(DC99=2,DZ99,IF(DC99=3,EC99,IF(DC99=4,EF99,IF(DC99=5,EI99,NA()))))) -> #N/A | DH99: =(DL99+DM99*DO99/DN99)/1000/25.4 -> #N/A | DI99: =-DH99 -> #N/A | DJ99: =DH99*DJ92 -> #N/A | DK99: =IF(DC99<1,0,IF(MAX(DE99:DG99)>DH99,MAX(DE99:DG99)-DH99,IF(MIN(DE99:DG99)<DI99,ABS(MIN(DE99:DG99)-DI99),0))) -> 0 | DL99: =DL98 -> #N/A | DM99: =DM98 -> 0 | DN99: =DN98 -> 1 | DO99: =DD99*25.4 -> 25.4 | DP99: =DP98 -> 0 | DQ99: =DQ98 -> 0 | DR99: =DR98 -> 0 | DS99: =DS98 -> 0 | DT99: =DT98 -> 0 | DU99: =DU98 -> 0 | DV99: =DV98 -> 0 | DW99: =DW98 -> 0 | ... EI99: =EI98 -> 0 | EL99: =IF(EM99=EY99,1,IF(EM99=EZ99,2,IF(EM99=FA99,3,IF(EM99=FB99,4,IF(EM99=FC99,5,0))))) -> 0 | EM99: 1 | EN99: =IF(EL99=1,FD99,IF(EL99=2,FG99,IF(EL99=3,FJ99,IF(EL99=4,FM99,IF(EL99=5,FP99,NA()))))) -> #N/A | EO99: =IF(EL99=1,FE99,IF(EL99=2,FH99,IF(EL99=3,FK99,IF(EL99=4,FN99,IF(EL99=5,FQ99,NA()))))) -> #N/A | EP99: =IF(EL99=1,FF99,IF(EL99=2,FI99,IF(EL99=3,FL99,IF(EL99=4,FO99,IF(EL99=5,FR99,NA()))))) -> #N/A | EQ99: =(EU99+EV99*EX99/EW99)/1000/25.4 -> #N/A | ER99: =-EQ99 -> #N/A | ES99: =EQ99*ES92 -> #N/A | ET99: =IF(EL99<1,0,IF(MAX(EN99:EP99)>EQ99,MAX(EN99:EP99)-EQ99,IF(MIN(EN99:EP99)<ER99,ABS(MIN(EN99:EP99)-ER99),0))) -> 0 | EU99: =EU98 -> #N/A | EV99: =EV98 -> 0 | EW99: =EW98 -> 1 | EX99: =EM99*25.4 -> 25.4 | EY99: =EY98 -> 0 | EZ99: =EZ98 -> 0 | FA99: =FA98 -> 0 | FB99: =FB98 -> 0 | FC99: =FC98 -> 0 | FD99: =FD98 -> 0 | FE99: =FE98 -> 0 | FF99: =FF98 -> 0 | ... FR99: =FR98 -> 0 | FU99: =IF(FV99=GH99,1,IF(FV99=GI99,2,IF(FV99=GJ99,3,IF(FV99=GK99,4,IF(FV99=GL99,5,0))))) -> 0 | FV99: 1 | FW99: =IF(FU99=1,GM99,IF(FU99=2,GP99,IF(FU99=3,GS99,IF(FU99=4,GV99,IF(FU99=5,GY99,NA()))))) -> #N/A | FX99: =IF(FU99=1,GN99,IF(FU99=2,GQ99,IF(FU99=3,GT99,IF(FU99=4,GW99,IF(FU99=5,GZ99,NA()))))) -> #N/A | FY99: =IF(FU99=1,GO99,IF(FU99=2,GR99,IF(FU99=3,GU99,IF(FU99=4,GX99,IF(FU99=5,HA99,NA()))))) -> #N/A | FZ99: =(GD99+GE99*GG99/GF99)/1000/25.4 -> #N/A | GA99: =-FZ99 -> #N/A | GB99: =FZ99*GB92 -> #N/A | GC99: =IF(FU99<1,0,IF(MAX(FW99:FY99)>FZ99,MAX(FW99:FY99)-FZ99,IF(MIN(FW99:FY99)<GA99,ABS(MIN(FW99:FY99)-GA99),0))) -> 0 | GD99: =GD98 -> #N/A | GE99: =GE98 -> 0 | GF99: =GF98 -> 1 | GG99: =FV99*25.4 -> 25.4 | GH99: =GH98 -> 0 | GI99: =GI98 -> 0 | GJ99: =GJ98 -> 0 | GK99: =GK98 -> 0 | GL99: =GL98 -> 0 | GM99: =GM98 -> 0 | GN99: =GN98 -> 0 | GO99: =GO98 -> 0 | ... HA99: =HA98 -> 0 | HD99: =IF(HE99=HQ99,1,IF(HE99=HR99,2,IF(HE99=HS99,3,IF(HE99=HT99,4,IF(HE99=HU99,5,0))))) -> 0 | HE99: 1 | HF99: =IF(HD99=1,HV99,IF(HD99=2,HY99,IF(HD99=3,IB99,IF(HD99=4,IE99,IF(HD99=5,IH99,NA()))))) -> #N/A | HG99: =IF(HD99=1,HW99,IF(HD99=2,HZ99,IF(HD99=3,IC99,IF(HD99=4,IF99,IF(HD99=5,II99,NA()))))) -> #N/A | HH99: =IF(HD99=1,HX99,IF(HD99=2,IA99,IF(HD99=3,ID99,IF(HD99=4,IG99,IF(HD99=5,IJ99,NA()))))) -> #N/A | HI99: =(HM99+HN99*HP99/HO99)/1000/25.4 -> #N/A | HJ99: =-HI99 -> #N/A | HK99: =HI99*HK92 -> #N/A | HL99: =IF(HD99<1,0,IF(MAX(HF99:HH99)>HI99,MAX(HF99:HH99)-HI99,IF(MIN(HF99:HH99)<HJ99,ABS(MIN(HF99:HH99)-HJ99),0))) -> 0 | HM99: =HM98 -> #N/A | HN99: =HN98 -> 0 | HO99: =HO98 -> 1 | HP99: =HE99*25.4 -> 25.4 | HQ99: =HQ98 -> 0 | HR99: =HR98 -> 0 | HS99: =HS98 -> 0 | HT99: =HT98 -> 0 | HU99: =HU98 -> 0 | HV99: =HV98 -> 0 | HW99: =HW98 -> 0 | HX99: =HX98 -> 0 | ... IJ99: =IJ98 -> 0
B100: =IF(C100=O100,1,IF(C100=P100,2,IF(C100=Q100,3,IF(C100=R100,4,IF(C100=S100,5,0))))) -> 0 | C100: 2 | D100: =IF(B100=1,T100,IF(B100=2,W100,IF(B100=3,Z100,IF(B100=4,AC100,IF(B100=5,AF100,NA()))))) -> #N/A | E100: =IF(B100=1,U100,IF(B100=2,X100,IF(B100=3,AA100,IF(B100=4,AD100,IF(B100=5,AG100,NA()))))) -> #N/A | F100: =IF(B100=1,V100,IF(B100=2,Y100,IF(B100=3,AB100,IF(B100=4,AE100,IF(B100=5,AH100,NA()))))) -> #N/A | G100: =(K100+L100*N100/M100)/1000/25.4 -> #N/A | H100: =-G100 -> #N/A | I100: =-I99 -> #N/A | J100: =IF(B100<1,0,IF(MAX(D100:F100)>G100,MAX(D100:F100)-G100,IF(MIN(D100:F100)<H100,ABS(MIN(D100:F100)-H100),0))) -> 0 | K100: =K99 -> #N/A | L100: =L99 -> 0 | M100: =M99 -> 1 | N100: =C100*25.4 -> 50.8 | O100: =O99 -> 0 | P100: =P99 -> 0 | Q100: =Q99 -> 0 | R100: =R99 -> 0 | S100: =S99 -> 0 | T100: =T99 -> 0 | U100: =U99 -> 0 | V100: =V99 -> 0 | ... AH100: =AH99 -> 0 | AK100: =IF(AL100=AX100,1,IF(AL100=AY100,2,IF(AL100=AZ100,3,IF(AL100=BA100,4,IF(AL100=BB100,5,0))))) -> 0 | AL100: 2 | AM100: =IF(AK100=1,BC100,IF(AK100=2,BF100,IF(AK100=3,BI100,IF(AK100=4,BL100,IF(AK100=5,BO100,NA()))))) -> #N/A | AN100: =IF(AK100=1,BD100,IF(AK100=2,BG100,IF(AK100=3,BJ100,IF(AK100=4,BM100,IF(AK100=5,BP100,NA()))))) -> #N/A | AO100: =IF(AK100=1,BE100,IF(AK100=2,BH100,IF(AK100=3,BK100,IF(AK100=4,BN100,IF(AK100=5,BQ100,NA()))))) -> #N/A | AP100: =(AT100+AU100*AW100/AV100)/1000/25.4 -> #N/A | AQ100: =-AP100 -> #N/A | AR100: =-AR99 -> #N/A | AS100: =IF(AK100<1,0,IF(MAX(AM100:AO100)>AP100,MAX(AM100:AO100)-AP100,IF(MIN(AM100:AO100)<AQ100,ABS(MIN(AM100:AO100)-AQ100),0))) -> 0 | AT100: =AT99 -> #N/A | AU100: =AU99 -> 0 | AV100: =AV99 -> 1 | AW100: =AL100*25.4 -> 50.8 | AX100: =AX99 -> 0 | AY100: =AY99 -> 0 | AZ100: =AZ99 -> 0 | BA100: =BA99 -> 0 | BB100: =BB99 -> 0 | BC100: =BC99 -> 0 | BD100: =BD99 -> 0 | BE100: =BE99 -> 0 | ... BQ100: =BQ99 -> 0 | BT100: =IF(BU100=CG100,1,IF(BU100=CH100,2,IF(BU100=CI100,3,IF(BU100=CJ100,4,IF(BU100=CK100,5,0))))) -> 0 | BU100: 2 | BV100: =IF(BT100=1,CL100,IF(BT100=2,CO100,IF(BT100=3,CR100,IF(BT100=4,CU100,IF(BT100=5,CX100,NA()))))) -> #N/A | BW100: =IF(BT100=1,CM100,IF(BT100=2,CP100,IF(BT100=3,CS100,IF(BT100=4,CV100,IF(BT100=5,CY100,NA()))))) -> #N/A | BX100: =IF(BT100=1,CN100,IF(BT100=2,CQ100,IF(BT100=3,CT100,IF(BT100=4,CW100,IF(BT100=5,CZ100,NA()))))) -> #N/A | BY100: =(CC100+CD100*CF100/CE100)/1000/25.4 -> #N/A | BZ100: =-BY100 -> #N/A | CA100: =-CA99 -> #N/A | CB100: =IF(BT100<1,0,IF(MAX(BV100:BX100)>BY100,MAX(BV100:BX100)-BY100,IF(MIN(BV100:BX100)<BZ100,ABS(MIN(BV100:BX100)-BZ100),0))) -> 0 | CC100: =CC99 -> #N/A | CD100: =CD99 -> 0 | CE100: =CE99 -> 1 | CF100: =BU100*25.4 -> 50.8 | CG100: =CG99 -> 0 | CH100: =CH99 -> 0 | CI100: =CI99 -> 0 | CJ100: =CJ99 -> 0 | CK100: =CK99 -> 0 | CL100: =CL99 -> 0 | CM100: =CM99 -> 0 | CN100: =CN99 -> 0 | ... CZ100: =CZ99 -> 0 | DC100: =IF(DD100=DP100,1,IF(DD100=DQ100,2,IF(DD100=DR100,3,IF(DD100=DS100,4,IF(DD100=DT100,5,0))))) -> 0 | DD100: 2 | DE100: =IF(DC100=1,DU100,IF(DC100=2,DX100,IF(DC100=3,EA100,IF(DC100=4,ED100,IF(DC100=5,EG100,NA()))))) -> #N/A | DF100: =IF(DC100=1,DV100,IF(DC100=2,DY100,IF(DC100=3,EB100,IF(DC100=4,EE100,IF(DC100=5,EH100,NA()))))) -> #N/A | DG100: =IF(DC100=1,DW100,IF(DC100=2,DZ100,IF(DC100=3,EC100,IF(DC100=4,EF100,IF(DC100=5,EI100,NA()))))) -> #N/A | DH100: =(DL100+DM100*DO100/DN100)/1000/25.4 -> #N/A | DI100: =-DH100 -> #N/A | DJ100: =-DJ99 -> #N/A | DK100: =IF(DC100<1,0,IF(MAX(DE100:DG100)>DH100,MAX(DE100:DG100)-DH100,IF(MIN(DE100:DG100)<DI100,ABS(MIN(DE100:DG100)-DI100),0))) -> 0 | DL100: =DL99 -> #N/A | DM100: =DM99 -> 0 | DN100: =DN99 -> 1 | DO100: =DD100*25.4 -> 50.8 | DP100: =DP99 -> 0 | DQ100: =DQ99 -> 0 | DR100: =DR99 -> 0 | DS100: =DS99 -> 0 | DT100: =DT99 -> 0 | DU100: =DU99 -> 0 | DV100: =DV99 -> 0 | DW100: =DW99 -> 0 | ... EI100: =EI99 -> 0 | EL100: =IF(EM100=EY100,1,IF(EM100=EZ100,2,IF(EM100=FA100,3,IF(EM100=FB100,4,IF(EM100=FC100,5,0))))) -> 0 | EM100: 2 | EN100: =IF(EL100=1,FD100,IF(EL100=2,FG100,IF(EL100=3,FJ100,IF(EL100=4,FM100,IF(EL100=5,FP100,NA()))))) -> #N/A | EO100: =IF(EL100=1,FE100,IF(EL100=2,FH100,IF(EL100=3,FK100,IF(EL100=4,FN100,IF(EL100=5,FQ100,NA()))))) -> #N/A | EP100: =IF(EL100=1,FF100,IF(EL100=2,FI100,IF(EL100=3,FL100,IF(EL100=4,FO100,IF(EL100=5,FR100,NA()))))) -> #N/A | EQ100: =(EU100+EV100*EX100/EW100)/1000/25.4 -> #N/A | ER100: =-EQ100 -> #N/A | ES100: =-ES99 -> #N/A | ET100: =IF(EL100<1,0,IF(MAX(EN100:EP100)>EQ100,MAX(EN100:EP100)-EQ100,IF(MIN(EN100:EP100)<ER100,ABS(MIN(EN100:EP100)-ER100),0))) -> 0 | EU100: =EU99 -> #N/A | EV100: =EV99 -> 0 | EW100: =EW99 -> 1 | EX100: =EM100*25.4 -> 50.8 | EY100: =EY99 -> 0 | EZ100: =EZ99 -> 0 | FA100: =FA99 -> 0 | FB100: =FB99 -> 0 | FC100: =FC99 -> 0 | FD100: =FD99 -> 0 | FE100: =FE99 -> 0 | FF100: =FF99 -> 0 | ... FR100: =FR99 -> 0 | FU100: =IF(FV100=GH100,1,IF(FV100=GI100,2,IF(FV100=GJ100,3,IF(FV100=GK100,4,IF(FV100=GL100,5,0))))) -> 0 | FV100: 2 | FW100: =IF(FU100=1,GM100,IF(FU100=2,GP100,IF(FU100=3,GS100,IF(FU100=4,GV100,IF(FU100=5,GY100,NA()))))) -> #N/A | FX100: =IF(FU100=1,GN100,IF(FU100=2,GQ100,IF(FU100=3,GT100,IF(FU100=4,GW100,IF(FU100=5,GZ100,NA()))))) -> #N/A | FY100: =IF(FU100=1,GO100,IF(FU100=2,GR100,IF(FU100=3,GU100,IF(FU100=4,GX100,IF(FU100=5,HA100,NA()))))) -> #N/A | FZ100: =(GD100+GE100*GG100/GF100)/1000/25.4 -> #N/A | GA100: =-FZ100 -> #N/A | GB100: =-GB99 -> #N/A | GC100: =IF(FU100<1,0,IF(MAX(FW100:FY100)>FZ100,MAX(FW100:FY100)-FZ100,IF(MIN(FW100:FY100)<GA100,ABS(MIN(FW100:FY100)-GA100),0))) -> 0 | GD100: =GD99 -> #N/A | GE100: =GE99 -> 0 | GF100: =GF99 -> 1 | GG100: =FV100*25.4 -> 50.8 | GH100: =GH99 -> 0 | GI100: =GI99 -> 0 | GJ100: =GJ99 -> 0 | GK100: =GK99 -> 0 | GL100: =GL99 -> 0 | GM100: =GM99 -> 0 | GN100: =GN99 -> 0 | GO100: =GO99 -> 0 | ... HA100: =HA99 -> 0 | HD100: =IF(HE100=HQ100,1,IF(HE100=HR100,2,IF(HE100=HS100,3,IF(HE100=HT100,4,IF(HE100=HU100,5,0))))) -> 0 | HE100: 2 | HF100: =IF(HD100=1,HV100,IF(HD100=2,HY100,IF(HD100=3,IB100,IF(HD100=4,IE100,IF(HD100=5,IH100,NA()))))) -> #N/A | HG100: =IF(HD100=1,HW100,IF(HD100=2,HZ100,IF(HD100=3,IC100,IF(HD100=4,IF100,IF(HD100=5,II100,NA()))))) -> #N/A | HH100: =IF(HD100=1,HX100,IF(HD100=2,IA100,IF(HD100=3,ID100,IF(HD100=4,IG100,IF(HD100=5,IJ100,NA()))))) -> #N/A | HI100: =(HM100+HN100*HP100/HO100)/1000/25.4 -> #N/A | HJ100: =-HI100 -> #N/A | HK100: =-HK99 -> #N/A | HL100: =IF(HD100<1,0,IF(MAX(HF100:HH100)>HI100,MAX(HF100:HH100)-HI100,IF(MIN(HF100:HH100)<HJ100,ABS(MIN(HF100:HH100)-HJ100),0))) -> 0 | HM100: =HM99 -> #N/A | HN100: =HN99 -> 0 | HO100: =HO99 -> 1 | HP100: =HE100*25.4 -> 50.8 | HQ100: =HQ99 -> 0 | HR100: =HR99 -> 0 | HS100: =HS99 -> 0 | HT100: =HT99 -> 0 | HU100: =HU99 -> 0 | HV100: =HV99 -> 0 | HW100: =HW99 -> 0 | HX100: =HX99 -> 0 | ... IJ100: =IJ99 -> 0
B101: =IF(C101=O101,1,IF(C101=P101,2,IF(C101=Q101,3,IF(C101=R101,4,IF(C101=S101,5,0))))) -> 0 | C101: 3 | D101: =IF(B101=1,T101,IF(B101=2,W101,IF(B101=3,Z101,IF(B101=4,AC101,IF(B101=5,AF101,NA()))))) -> #N/A | E101: =IF(B101=1,U101,IF(B101=2,X101,IF(B101=3,AA101,IF(B101=4,AD101,IF(B101=5,AG101,NA()))))) -> #N/A | F101: =IF(B101=1,V101,IF(B101=2,Y101,IF(B101=3,AB101,IF(B101=4,AE101,IF(B101=5,AH101,NA()))))) -> #N/A | G101: =(K101+L101*N101/M101)/1000/25.4 -> #N/A | H101: =-G101 -> #N/A | J101: =IF(B101<1,0,IF(MAX(D101:F101)>G101,MAX(D101:F101)-G101,IF(MIN(D101:F101)<H101,ABS(MIN(D101:F101)-H101),0))) -> 0 | K101: =K100 -> #N/A | L101: =L100 -> 0 | M101: =M100 -> 1 | N101: =C101*25.4 -> 76.2 | O101: =O100 -> 0 | P101: =P100 -> 0 | Q101: =Q100 -> 0 | R101: =R100 -> 0 | S101: =S100 -> 0 | T101: =T100 -> 0 | U101: =U100 -> 0 | V101: =V100 -> 0 | ... AH101: =AH100 -> 0 | AK101: =IF(AL101=AX101,1,IF(AL101=AY101,2,IF(AL101=AZ101,3,IF(AL101=BA101,4,IF(AL101=BB101,5,0))))) -> 0 | AL101: 3 | AM101: =IF(AK101=1,BC101,IF(AK101=2,BF101,IF(AK101=3,BI101,IF(AK101=4,BL101,IF(AK101=5,BO101,NA()))))) -> #N/A | AN101: =IF(AK101=1,BD101,IF(AK101=2,BG101,IF(AK101=3,BJ101,IF(AK101=4,BM101,IF(AK101=5,BP101,NA()))))) -> #N/A | AO101: =IF(AK101=1,BE101,IF(AK101=2,BH101,IF(AK101=3,BK101,IF(AK101=4,BN101,IF(AK101=5,BQ101,NA()))))) -> #N/A | AP101: =(AT101+AU101*AW101/AV101)/1000/25.4 -> #N/A | AQ101: =-AP101 -> #N/A | AS101: =IF(AK101<1,0,IF(MAX(AM101:AO101)>AP101,MAX(AM101:AO101)-AP101,IF(MIN(AM101:AO101)<AQ101,ABS(MIN(AM101:AO101)-AQ101),0))) -> 0 | AT101: =AT100 -> #N/A | AU101: =AU100 -> 0 | AV101: =AV100 -> 1 | AW101: =AL101*25.4 -> 76.2 | AX101: =AX100 -> 0 | AY101: =AY100 -> 0 | AZ101: =AZ100 -> 0 | BA101: =BA100 -> 0 | BB101: =BB100 -> 0 | BC101: =BC100 -> 0 | BD101: =BD100 -> 0 | BE101: =BE100 -> 0 | ... BQ101: =BQ100 -> 0 | BT101: =IF(BU101=CG101,1,IF(BU101=CH101,2,IF(BU101=CI101,3,IF(BU101=CJ101,4,IF(BU101=CK101,5,0))))) -> 0 | BU101: 3 | BV101: =IF(BT101=1,CL101,IF(BT101=2,CO101,IF(BT101=3,CR101,IF(BT101=4,CU101,IF(BT101=5,CX101,NA()))))) -> #N/A | BW101: =IF(BT101=1,CM101,IF(BT101=2,CP101,IF(BT101=3,CS101,IF(BT101=4,CV101,IF(BT101=5,CY101,NA()))))) -> #N/A | BX101: =IF(BT101=1,CN101,IF(BT101=2,CQ101,IF(BT101=3,CT101,IF(BT101=4,CW101,IF(BT101=5,CZ101,NA()))))) -> #N/A | BY101: =(CC101+CD101*CF101/CE101)/1000/25.4 -> #N/A | BZ101: =-BY101 -> #N/A | CB101: =IF(BT101<1,0,IF(MAX(BV101:BX101)>BY101,MAX(BV101:BX101)-BY101,IF(MIN(BV101:BX101)<BZ101,ABS(MIN(BV101:BX101)-BZ101),0))) -> 0 | CC101: =CC100 -> #N/A | CD101: =CD100 -> 0 | CE101: =CE100 -> 1 | CF101: =BU101*25.4 -> 76.2 | CG101: =CG100 -> 0 | CH101: =CH100 -> 0 | CI101: =CI100 -> 0 | CJ101: =CJ100 -> 0 | CK101: =CK100 -> 0 | CL101: =CL100 -> 0 | CM101: =CM100 -> 0 | CN101: =CN100 -> 0 | ... CZ101: =CZ100 -> 0 | DC101: =IF(DD101=DP101,1,IF(DD101=DQ101,2,IF(DD101=DR101,3,IF(DD101=DS101,4,IF(DD101=DT101,5,0))))) -> 0 | DD101: 3 | DE101: =IF(DC101=1,DU101,IF(DC101=2,DX101,IF(DC101=3,EA101,IF(DC101=4,ED101,IF(DC101=5,EG101,NA()))))) -> #N/A | DF101: =IF(DC101=1,DV101,IF(DC101=2,DY101,IF(DC101=3,EB101,IF(DC101=4,EE101,IF(DC101=5,EH101,NA()))))) -> #N/A | DG101: =IF(DC101=1,DW101,IF(DC101=2,DZ101,IF(DC101=3,EC101,IF(DC101=4,EF101,IF(DC101=5,EI101,NA()))))) -> #N/A | DH101: =(DL101+DM101*DO101/DN101)/1000/25.4 -> #N/A | DI101: =-DH101 -> #N/A | DK101: =IF(DC101<1,0,IF(MAX(DE101:DG101)>DH101,MAX(DE101:DG101)-DH101,IF(MIN(DE101:DG101)<DI101,ABS(MIN(DE101:DG101)-DI101),0))) -> 0 | DL101: =DL100 -> #N/A | DM101: =DM100 -> 0 | DN101: =DN100 -> 1 | DO101: =DD101*25.4 -> 76.2 | DP101: =DP100 -> 0 | DQ101: =DQ100 -> 0 | DR101: =DR100 -> 0 | DS101: =DS100 -> 0 | DT101: =DT100 -> 0 | DU101: =DU100 -> 0 | DV101: =DV100 -> 0 | DW101: =DW100 -> 0 | ... EI101: =EI100 -> 0 | EL101: =IF(EM101=EY101,1,IF(EM101=EZ101,2,IF(EM101=FA101,3,IF(EM101=FB101,4,IF(EM101=FC101,5,0))))) -> 0 | EM101: 3 | EN101: =IF(EL101=1,FD101,IF(EL101=2,FG101,IF(EL101=3,FJ101,IF(EL101=4,FM101,IF(EL101=5,FP101,NA()))))) -> #N/A | EO101: =IF(EL101=1,FE101,IF(EL101=2,FH101,IF(EL101=3,FK101,IF(EL101=4,FN101,IF(EL101=5,FQ101,NA()))))) -> #N/A | EP101: =IF(EL101=1,FF101,IF(EL101=2,FI101,IF(EL101=3,FL101,IF(EL101=4,FO101,IF(EL101=5,FR101,NA()))))) -> #N/A | EQ101: =(EU101+EV101*EX101/EW101)/1000/25.4 -> #N/A | ER101: =-EQ101 -> #N/A | ET101: =IF(EL101<1,0,IF(MAX(EN101:EP101)>EQ101,MAX(EN101:EP101)-EQ101,IF(MIN(EN101:EP101)<ER101,ABS(MIN(EN101:EP101)-ER101),0))) -> 0 | EU101: =EU100 -> #N/A | EV101: =EV100 -> 0 | EW101: =EW100 -> 1 | EX101: =EM101*25.4 -> 76.2 | EY101: =EY100 -> 0 | EZ101: =EZ100 -> 0 | FA101: =FA100 -> 0 | FB101: =FB100 -> 0 | FC101: =FC100 -> 0 | FD101: =FD100 -> 0 | FE101: =FE100 -> 0 | FF101: =FF100 -> 0 | ... FR101: =FR100 -> 0 | FU101: =IF(FV101=GH101,1,IF(FV101=GI101,2,IF(FV101=GJ101,3,IF(FV101=GK101,4,IF(FV101=GL101,5,0))))) -> 0 | FV101: 3 | FW101: =IF(FU101=1,GM101,IF(FU101=2,GP101,IF(FU101=3,GS101,IF(FU101=4,GV101,IF(FU101=5,GY101,NA()))))) -> #N/A | FX101: =IF(FU101=1,GN101,IF(FU101=2,GQ101,IF(FU101=3,GT101,IF(FU101=4,GW101,IF(FU101=5,GZ101,NA()))))) -> #N/A | FY101: =IF(FU101=1,GO101,IF(FU101=2,GR101,IF(FU101=3,GU101,IF(FU101=4,GX101,IF(FU101=5,HA101,NA()))))) -> #N/A | FZ101: =(GD101+GE101*GG101/GF101)/1000/25.4 -> #N/A | GA101: =-FZ101 -> #N/A | GC101: =IF(FU101<1,0,IF(MAX(FW101:FY101)>FZ101,MAX(FW101:FY101)-FZ101,IF(MIN(FW101:FY101)<GA101,ABS(MIN(FW101:FY101)-GA101),0))) -> 0 | GD101: =GD100 -> #N/A | GE101: =GE100 -> 0 | GF101: =GF100 -> 1 | GG101: =FV101*25.4 -> 76.2 | GH101: =GH100 -> 0 | GI101: =GI100 -> 0 | GJ101: =GJ100 -> 0 | GK101: =GK100 -> 0 | GL101: =GL100 -> 0 | GM101: =GM100 -> 0 | GN101: =GN100 -> 0 | GO101: =GO100 -> 0 | ... HA101: =HA100 -> 0 | HD101: =IF(HE101=HQ101,1,IF(HE101=HR101,2,IF(HE101=HS101,3,IF(HE101=HT101,4,IF(HE101=HU101,5,0))))) -> 0 | HE101: 3 | HF101: =IF(HD101=1,HV101,IF(HD101=2,HY101,IF(HD101=3,IB101,IF(HD101=4,IE101,IF(HD101=5,IH101,NA()))))) -> #N/A | HG101: =IF(HD101=1,HW101,IF(HD101=2,HZ101,IF(HD101=3,IC101,IF(HD101=4,IF101,IF(HD101=5,II101,NA()))))) -> #N/A | HH101: =IF(HD101=1,HX101,IF(HD101=2,IA101,IF(HD101=3,ID101,IF(HD101=4,IG101,IF(HD101=5,IJ101,NA()))))) -> #N/A | HI101: =(HM101+HN101*HP101/HO101)/1000/25.4 -> #N/A | HJ101: =-HI101 -> #N/A | HL101: =IF(HD101<1,0,IF(MAX(HF101:HH101)>HI101,MAX(HF101:HH101)-HI101,IF(MIN(HF101:HH101)<HJ101,ABS(MIN(HF101:HH101)-HJ101),0))) -> 0 | HM101: =HM100 -> #N/A | HN101: =HN100 -> 0 | HO101: =HO100 -> 1 | HP101: =HE101*25.4 -> 76.2 | HQ101: =HQ100 -> 0 | HR101: =HR100 -> 0 | HS101: =HS100 -> 0 | HT101: =HT100 -> 0 | HU101: =HU100 -> 0 | HV101: =HV100 -> 0 | HW101: =HW100 -> 0 | HX101: =HX100 -> 0 | ... IJ101: =IJ100 -> 0
B102: =IF(C102=O102,1,IF(C102=P102,2,IF(C102=Q102,3,IF(C102=R102,4,IF(C102=S102,5,0))))) -> 0 | C102: 4 | D102: =IF(B102=1,T102,IF(B102=2,W102,IF(B102=3,Z102,IF(B102=4,AC102,IF(B102=5,AF102,NA()))))) -> #N/A | E102: =IF(B102=1,U102,IF(B102=2,X102,IF(B102=3,AA102,IF(B102=4,AD102,IF(B102=5,AG102,NA()))))) -> #N/A | F102: =IF(B102=1,V102,IF(B102=2,Y102,IF(B102=3,AB102,IF(B102=4,AE102,IF(B102=5,AH102,NA()))))) -> #N/A | G102: =(K102+L102*N102/M102)/1000/25.4 -> #N/A | H102: =-G102 -> #N/A | J102: =IF(B102<1,0,IF(MAX(D102:F102)>G102,MAX(D102:F102)-G102,IF(MIN(D102:F102)<H102,ABS(MIN(D102:F102)-H102),0))) -> 0 | K102: =K101 -> #N/A | L102: =L101 -> 0 | M102: =M101 -> 1 | N102: =C102*25.4 -> 101.6 | O102: =O101 -> 0 | P102: =P101 -> 0 | Q102: =Q101 -> 0 | R102: =R101 -> 0 | S102: =S101 -> 0 | T102: =T101 -> 0 | U102: =U101 -> 0 | V102: =V101 -> 0 | ... AH102: =AH101 -> 0 | AK102: =IF(AL102=AX102,1,IF(AL102=AY102,2,IF(AL102=AZ102,3,IF(AL102=BA102,4,IF(AL102=BB102,5,0))))) -> 0 | AL102: 4 | AM102: =IF(AK102=1,BC102,IF(AK102=2,BF102,IF(AK102=3,BI102,IF(AK102=4,BL102,IF(AK102=5,BO102,NA()))))) -> #N/A | AN102: =IF(AK102=1,BD102,IF(AK102=2,BG102,IF(AK102=3,BJ102,IF(AK102=4,BM102,IF(AK102=5,BP102,NA()))))) -> #N/A | AO102: =IF(AK102=1,BE102,IF(AK102=2,BH102,IF(AK102=3,BK102,IF(AK102=4,BN102,IF(AK102=5,BQ102,NA()))))) -> #N/A | AP102: =(AT102+AU102*AW102/AV102)/1000/25.4 -> #N/A | AQ102: =-AP102 -> #N/A | AS102: =IF(AK102<1,0,IF(MAX(AM102:AO102)>AP102,MAX(AM102:AO102)-AP102,IF(MIN(AM102:AO102)<AQ102,ABS(MIN(AM102:AO102)-AQ102),0))) -> 0 | AT102: =AT101 -> #N/A | AU102: =AU101 -> 0 | AV102: =AV101 -> 1 | AW102: =AL102*25.4 -> 101.6 | AX102: =AX101 -> 0 | AY102: =AY101 -> 0 | AZ102: =AZ101 -> 0 | BA102: =BA101 -> 0 | BB102: =BB101 -> 0 | BC102: =BC101 -> 0 | BD102: =BD101 -> 0 | BE102: =BE101 -> 0 | ... BQ102: =BQ101 -> 0 | BT102: =IF(BU102=CG102,1,IF(BU102=CH102,2,IF(BU102=CI102,3,IF(BU102=CJ102,4,IF(BU102=CK102,5,0))))) -> 0 | BU102: 4 | BV102: =IF(BT102=1,CL102,IF(BT102=2,CO102,IF(BT102=3,CR102,IF(BT102=4,CU102,IF(BT102=5,CX102,NA()))))) -> #N/A | BW102: =IF(BT102=1,CM102,IF(BT102=2,CP102,IF(BT102=3,CS102,IF(BT102=4,CV102,IF(BT102=5,CY102,NA()))))) -> #N/A | BX102: =IF(BT102=1,CN102,IF(BT102=2,CQ102,IF(BT102=3,CT102,IF(BT102=4,CW102,IF(BT102=5,CZ102,NA()))))) -> #N/A | BY102: =(CC102+CD102*CF102/CE102)/1000/25.4 -> #N/A | BZ102: =-BY102 -> #N/A | CB102: =IF(BT102<1,0,IF(MAX(BV102:BX102)>BY102,MAX(BV102:BX102)-BY102,IF(MIN(BV102:BX102)<BZ102,ABS(MIN(BV102:BX102)-BZ102),0))) -> 0 | CC102: =CC101 -> #N/A | CD102: =CD101 -> 0 | CE102: =CE101 -> 1 | CF102: =BU102*25.4 -> 101.6 | CG102: =CG101 -> 0 | CH102: =CH101 -> 0 | CI102: =CI101 -> 0 | CJ102: =CJ101 -> 0 | CK102: =CK101 -> 0 | CL102: =CL101 -> 0 | CM102: =CM101 -> 0 | CN102: =CN101 -> 0 | ... CZ102: =CZ101 -> 0 | DC102: =IF(DD102=DP102,1,IF(DD102=DQ102,2,IF(DD102=DR102,3,IF(DD102=DS102,4,IF(DD102=DT102,5,0))))) -> 0 | DD102: 4 | DE102: =IF(DC102=1,DU102,IF(DC102=2,DX102,IF(DC102=3,EA102,IF(DC102=4,ED102,IF(DC102=5,EG102,NA()))))) -> #N/A | DF102: =IF(DC102=1,DV102,IF(DC102=2,DY102,IF(DC102=3,EB102,IF(DC102=4,EE102,IF(DC102=5,EH102,NA()))))) -> #N/A | DG102: =IF(DC102=1,DW102,IF(DC102=2,DZ102,IF(DC102=3,EC102,IF(DC102=4,EF102,IF(DC102=5,EI102,NA()))))) -> #N/A | DH102: =(DL102+DM102*DO102/DN102)/1000/25.4 -> #N/A | DI102: =-DH102 -> #N/A | DK102: =IF(DC102<1,0,IF(MAX(DE102:DG102)>DH102,MAX(DE102:DG102)-DH102,IF(MIN(DE102:DG102)<DI102,ABS(MIN(DE102:DG102)-DI102),0))) -> 0 | DL102: =DL101 -> #N/A | DM102: =DM101 -> 0 | DN102: =DN101 -> 1 | DO102: =DD102*25.4 -> 101.6 | DP102: =DP101 -> 0 | DQ102: =DQ101 -> 0 | DR102: =DR101 -> 0 | DS102: =DS101 -> 0 | DT102: =DT101 -> 0 | DU102: =DU101 -> 0 | DV102: =DV101 -> 0 | DW102: =DW101 -> 0 | ... EI102: =EI101 -> 0 | EL102: =IF(EM102=EY102,1,IF(EM102=EZ102,2,IF(EM102=FA102,3,IF(EM102=FB102,4,IF(EM102=FC102,5,0))))) -> 0 | EM102: 4 | EN102: =IF(EL102=1,FD102,IF(EL102=2,FG102,IF(EL102=3,FJ102,IF(EL102=4,FM102,IF(EL102=5,FP102,NA()))))) -> #N/A | EO102: =IF(EL102=1,FE102,IF(EL102=2,FH102,IF(EL102=3,FK102,IF(EL102=4,FN102,IF(EL102=5,FQ102,NA()))))) -> #N/A | EP102: =IF(EL102=1,FF102,IF(EL102=2,FI102,IF(EL102=3,FL102,IF(EL102=4,FO102,IF(EL102=5,FR102,NA()))))) -> #N/A | EQ102: =(EU102+EV102*EX102/EW102)/1000/25.4 -> #N/A | ER102: =-EQ102 -> #N/A | ET102: =IF(EL102<1,0,IF(MAX(EN102:EP102)>EQ102,MAX(EN102:EP102)-EQ102,IF(MIN(EN102:EP102)<ER102,ABS(MIN(EN102:EP102)-ER102),0))) -> 0 | EU102: =EU101 -> #N/A | EV102: =EV101 -> 0 | EW102: =EW101 -> 1 | EX102: =EM102*25.4 -> 101.6 | EY102: =EY101 -> 0 | EZ102: =EZ101 -> 0 | FA102: =FA101 -> 0 | FB102: =FB101 -> 0 | FC102: =FC101 -> 0 | FD102: =FD101 -> 0 | FE102: =FE101 -> 0 | FF102: =FF101 -> 0 | ... FR102: =FR101 -> 0 | FU102: =IF(FV102=GH102,1,IF(FV102=GI102,2,IF(FV102=GJ102,3,IF(FV102=GK102,4,IF(FV102=GL102,5,0))))) -> 0 | FV102: 4 | FW102: =IF(FU102=1,GM102,IF(FU102=2,GP102,IF(FU102=3,GS102,IF(FU102=4,GV102,IF(FU102=5,GY102,NA()))))) -> #N/A | FX102: =IF(FU102=1,GN102,IF(FU102=2,GQ102,IF(FU102=3,GT102,IF(FU102=4,GW102,IF(FU102=5,GZ102,NA()))))) -> #N/A | FY102: =IF(FU102=1,GO102,IF(FU102=2,GR102,IF(FU102=3,GU102,IF(FU102=4,GX102,IF(FU102=5,HA102,NA()))))) -> #N/A | FZ102: =(GD102+GE102*GG102/GF102)/1000/25.4 -> #N/A | GA102: =-FZ102 -> #N/A | GC102: =IF(FU102<1,0,IF(MAX(FW102:FY102)>FZ102,MAX(FW102:FY102)-FZ102,IF(MIN(FW102:FY102)<GA102,ABS(MIN(FW102:FY102)-GA102),0))) -> 0 | GD102: =GD101 -> #N/A | GE102: =GE101 -> 0 | GF102: =GF101 -> 1 | GG102: =FV102*25.4 -> 101.6 | GH102: =GH101 -> 0 | GI102: =GI101 -> 0 | GJ102: =GJ101 -> 0 | GK102: =GK101 -> 0 | GL102: =GL101 -> 0 | GM102: =GM101 -> 0 | GN102: =GN101 -> 0 | GO102: =GO101 -> 0 | ... HA102: =HA101 -> 0 | HD102: =IF(HE102=HQ102,1,IF(HE102=HR102,2,IF(HE102=HS102,3,IF(HE102=HT102,4,IF(HE102=HU102,5,0))))) -> 0 | HE102: 4 | HF102: =IF(HD102=1,HV102,IF(HD102=2,HY102,IF(HD102=3,IB102,IF(HD102=4,IE102,IF(HD102=5,IH102,NA()))))) -> #N/A | HG102: =IF(HD102=1,HW102,IF(HD102=2,HZ102,IF(HD102=3,IC102,IF(HD102=4,IF102,IF(HD102=5,II102,NA()))))) -> #N/A | HH102: =IF(HD102=1,HX102,IF(HD102=2,IA102,IF(HD102=3,ID102,IF(HD102=4,IG102,IF(HD102=5,IJ102,NA()))))) -> #N/A | HI102: =(HM102+HN102*HP102/HO102)/1000/25.4 -> #N/A | HJ102: =-HI102 -> #N/A | HL102: =IF(HD102<1,0,IF(MAX(HF102:HH102)>HI102,MAX(HF102:HH102)-HI102,IF(MIN(HF102:HH102)<HJ102,ABS(MIN(HF102:HH102)-HJ102),0))) -> 0 | HM102: =HM101 -> #N/A | HN102: =HN101 -> 0 | HO102: =HO101 -> 1 | HP102: =HE102*25.4 -> 101.6 | HQ102: =HQ101 -> 0 | HR102: =HR101 -> 0 | HS102: =HS101 -> 0 | HT102: =HT101 -> 0 | HU102: =HU101 -> 0 | HV102: =HV101 -> 0 | HW102: =HW101 -> 0 | HX102: =HX101 -> 0 | ... IJ102: =IJ101 -> 0
B103: =IF(C103=O103,1,IF(C103=P103,2,IF(C103=Q103,3,IF(C103=R103,4,IF(C103=S103,5,0))))) -> 0 | C103: 5 | D103: =IF(B103=1,T103,IF(B103=2,W103,IF(B103=3,Z103,IF(B103=4,AC103,IF(B103=5,AF103,NA()))))) -> #N/A | E103: =IF(B103=1,U103,IF(B103=2,X103,IF(B103=3,AA103,IF(B103=4,AD103,IF(B103=5,AG103,NA()))))) -> #N/A | F103: =IF(B103=1,V103,IF(B103=2,Y103,IF(B103=3,AB103,IF(B103=4,AE103,IF(B103=5,AH103,NA()))))) -> #N/A | G103: =(K103+L103*N103/M103)/1000/25.4 -> #N/A | H103: =-G103 -> #N/A | J103: =IF(B103<1,0,IF(MAX(D103:F103)>G103,MAX(D103:F103)-G103,IF(MIN(D103:F103)<H103,ABS(MIN(D103:F103)-H103),0))) -> 0 | K103: =K102 -> #N/A | L103: =L102 -> 0 | M103: =M102 -> 1 | N103: =C103*25.4 -> 127 | O103: =O102 -> 0 | P103: =P102 -> 0 | Q103: =Q102 -> 0 | R103: =R102 -> 0 | S103: =S102 -> 0 | T103: =T102 -> 0 | U103: =U102 -> 0 | V103: =V102 -> 0 | ... AH103: =AH102 -> 0 | AK103: =IF(AL103=AX103,1,IF(AL103=AY103,2,IF(AL103=AZ103,3,IF(AL103=BA103,4,IF(AL103=BB103,5,0))))) -> 0 | AL103: 5 | AM103: =IF(AK103=1,BC103,IF(AK103=2,BF103,IF(AK103=3,BI103,IF(AK103=4,BL103,IF(AK103=5,BO103,NA()))))) -> #N/A | AN103: =IF(AK103=1,BD103,IF(AK103=2,BG103,IF(AK103=3,BJ103,IF(AK103=4,BM103,IF(AK103=5,BP103,NA()))))) -> #N/A | AO103: =IF(AK103=1,BE103,IF(AK103=2,BH103,IF(AK103=3,BK103,IF(AK103=4,BN103,IF(AK103=5,BQ103,NA()))))) -> #N/A | AP103: =(AT103+AU103*AW103/AV103)/1000/25.4 -> #N/A | AQ103: =-AP103 -> #N/A | AS103: =IF(AK103<1,0,IF(MAX(AM103:AO103)>AP103,MAX(AM103:AO103)-AP103,IF(MIN(AM103:AO103)<AQ103,ABS(MIN(AM103:AO103)-AQ103),0))) -> 0 | AT103: =AT102 -> #N/A | AU103: =AU102 -> 0 | AV103: =AV102 -> 1 | AW103: =AL103*25.4 -> 127 | AX103: =AX102 -> 0 | AY103: =AY102 -> 0 | AZ103: =AZ102 -> 0 | BA103: =BA102 -> 0 | BB103: =BB102 -> 0 | BC103: =BC102 -> 0 | BD103: =BD102 -> 0 | BE103: =BE102 -> 0 | ... BQ103: =BQ102 -> 0 | BT103: =IF(BU103=CG103,1,IF(BU103=CH103,2,IF(BU103=CI103,3,IF(BU103=CJ103,4,IF(BU103=CK103,5,0))))) -> 0 | BU103: 5 | BV103: =IF(BT103=1,CL103,IF(BT103=2,CO103,IF(BT103=3,CR103,IF(BT103=4,CU103,IF(BT103=5,CX103,NA()))))) -> #N/A | BW103: =IF(BT103=1,CM103,IF(BT103=2,CP103,IF(BT103=3,CS103,IF(BT103=4,CV103,IF(BT103=5,CY103,NA()))))) -> #N/A | BX103: =IF(BT103=1,CN103,IF(BT103=2,CQ103,IF(BT103=3,CT103,IF(BT103=4,CW103,IF(BT103=5,CZ103,NA()))))) -> #N/A | BY103: =(CC103+CD103*CF103/CE103)/1000/25.4 -> #N/A | BZ103: =-BY103 -> #N/A | CB103: =IF(BT103<1,0,IF(MAX(BV103:BX103)>BY103,MAX(BV103:BX103)-BY103,IF(MIN(BV103:BX103)<BZ103,ABS(MIN(BV103:BX103)-BZ103),0))) -> 0 | CC103: =CC102 -> #N/A | CD103: =CD102 -> 0 | CE103: =CE102 -> 1 | CF103: =BU103*25.4 -> 127 | CG103: =CG102 -> 0 | CH103: =CH102 -> 0 | CI103: =CI102 -> 0 | CJ103: =CJ102 -> 0 | CK103: =CK102 -> 0 | CL103: =CL102 -> 0 | CM103: =CM102 -> 0 | CN103: =CN102 -> 0 | ... CZ103: =CZ102 -> 0 | DC103: =IF(DD103=DP103,1,IF(DD103=DQ103,2,IF(DD103=DR103,3,IF(DD103=DS103,4,IF(DD103=DT103,5,0))))) -> 0 | DD103: 5 | DE103: =IF(DC103=1,DU103,IF(DC103=2,DX103,IF(DC103=3,EA103,IF(DC103=4,ED103,IF(DC103=5,EG103,NA()))))) -> #N/A | DF103: =IF(DC103=1,DV103,IF(DC103=2,DY103,IF(DC103=3,EB103,IF(DC103=4,EE103,IF(DC103=5,EH103,NA()))))) -> #N/A | DG103: =IF(DC103=1,DW103,IF(DC103=2,DZ103,IF(DC103=3,EC103,IF(DC103=4,EF103,IF(DC103=5,EI103,NA()))))) -> #N/A | DH103: =(DL103+DM103*DO103/DN103)/1000/25.4 -> #N/A | DI103: =-DH103 -> #N/A | DK103: =IF(DC103<1,0,IF(MAX(DE103:DG103)>DH103,MAX(DE103:DG103)-DH103,IF(MIN(DE103:DG103)<DI103,ABS(MIN(DE103:DG103)-DI103),0))) -> 0 | DL103: =DL102 -> #N/A | DM103: =DM102 -> 0 | DN103: =DN102 -> 1 | DO103: =DD103*25.4 -> 127 | DP103: =DP102 -> 0 | DQ103: =DQ102 -> 0 | DR103: =DR102 -> 0 | DS103: =DS102 -> 0 | DT103: =DT102 -> 0 | DU103: =DU102 -> 0 | DV103: =DV102 -> 0 | DW103: =DW102 -> 0 | ... EI103: =EI102 -> 0 | EL103: =IF(EM103=EY103,1,IF(EM103=EZ103,2,IF(EM103=FA103,3,IF(EM103=FB103,4,IF(EM103=FC103,5,0))))) -> 0 | EM103: 5 | EN103: =IF(EL103=1,FD103,IF(EL103=2,FG103,IF(EL103=3,FJ103,IF(EL103=4,FM103,IF(EL103=5,FP103,NA()))))) -> #N/A | EO103: =IF(EL103=1,FE103,IF(EL103=2,FH103,IF(EL103=3,FK103,IF(EL103=4,FN103,IF(EL103=5,FQ103,NA()))))) -> #N/A | EP103: =IF(EL103=1,FF103,IF(EL103=2,FI103,IF(EL103=3,FL103,IF(EL103=4,FO103,IF(EL103=5,FR103,NA()))))) -> #N/A | EQ103: =(EU103+EV103*EX103/EW103)/1000/25.4 -> #N/A | ER103: =-EQ103 -> #N/A | ET103: =IF(EL103<1,0,IF(MAX(EN103:EP103)>EQ103,MAX(EN103:EP103)-EQ103,IF(MIN(EN103:EP103)<ER103,ABS(MIN(EN103:EP103)-ER103),0))) -> 0 | EU103: =EU102 -> #N/A | EV103: =EV102 -> 0 | EW103: =EW102 -> 1 | EX103: =EM103*25.4 -> 127 | EY103: =EY102 -> 0 | EZ103: =EZ102 -> 0 | FA103: =FA102 -> 0 | FB103: =FB102 -> 0 | FC103: =FC102 -> 0 | FD103: =FD102 -> 0 | FE103: =FE102 -> 0 | FF103: =FF102 -> 0 | ... FR103: =FR102 -> 0 | FU103: =IF(FV103=GH103,1,IF(FV103=GI103,2,IF(FV103=GJ103,3,IF(FV103=GK103,4,IF(FV103=GL103,5,0))))) -> 0 | FV103: 5 | FW103: =IF(FU103=1,GM103,IF(FU103=2,GP103,IF(FU103=3,GS103,IF(FU103=4,GV103,IF(FU103=5,GY103,NA()))))) -> #N/A | FX103: =IF(FU103=1,GN103,IF(FU103=2,GQ103,IF(FU103=3,GT103,IF(FU103=4,GW103,IF(FU103=5,GZ103,NA()))))) -> #N/A | FY103: =IF(FU103=1,GO103,IF(FU103=2,GR103,IF(FU103=3,GU103,IF(FU103=4,GX103,IF(FU103=5,HA103,NA()))))) -> #N/A | FZ103: =(GD103+GE103*GG103/GF103)/1000/25.4 -> #N/A | GA103: =-FZ103 -> #N/A | GC103: =IF(FU103<1,0,IF(MAX(FW103:FY103)>FZ103,MAX(FW103:FY103)-FZ103,IF(MIN(FW103:FY103)<GA103,ABS(MIN(FW103:FY103)-GA103),0))) -> 0 | GD103: =GD102 -> #N/A | GE103: =GE102 -> 0 | GF103: =GF102 -> 1 | GG103: =FV103*25.4 -> 127 | GH103: =GH102 -> 0 | GI103: =GI102 -> 0 | GJ103: =GJ102 -> 0 | GK103: =GK102 -> 0 | GL103: =GL102 -> 0 | GM103: =GM102 -> 0 | GN103: =GN102 -> 0 | GO103: =GO102 -> 0 | ... HA103: =HA102 -> 0 | HD103: =IF(HE103=HQ103,1,IF(HE103=HR103,2,IF(HE103=HS103,3,IF(HE103=HT103,4,IF(HE103=HU103,5,0))))) -> 0 | HE103: 5 | HF103: =IF(HD103=1,HV103,IF(HD103=2,HY103,IF(HD103=3,IB103,IF(HD103=4,IE103,IF(HD103=5,IH103,NA()))))) -> #N/A | HG103: =IF(HD103=1,HW103,IF(HD103=2,HZ103,IF(HD103=3,IC103,IF(HD103=4,IF103,IF(HD103=5,II103,NA()))))) -> #N/A | HH103: =IF(HD103=1,HX103,IF(HD103=2,IA103,IF(HD103=3,ID103,IF(HD103=4,IG103,IF(HD103=5,IJ103,NA()))))) -> #N/A | HI103: =(HM103+HN103*HP103/HO103)/1000/25.4 -> #N/A | HJ103: =-HI103 -> #N/A | HL103: =IF(HD103<1,0,IF(MAX(HF103:HH103)>HI103,MAX(HF103:HH103)-HI103,IF(MIN(HF103:HH103)<HJ103,ABS(MIN(HF103:HH103)-HJ103),0))) -> 0 | HM103: =HM102 -> #N/A | HN103: =HN102 -> 0 | HO103: =HO102 -> 1 | HP103: =HE103*25.4 -> 127 | HQ103: =HQ102 -> 0 | HR103: =HR102 -> 0 | HS103: =HS102 -> 0 | HT103: =HT102 -> 0 | HU103: =HU102 -> 0 | HV103: =HV102 -> 0 | HW103: =HW102 -> 0 | HX103: =HX102 -> 0 | ... IJ103: =IJ102 -> 0
B104: =IF(C104=O104,1,IF(C104=P104,2,IF(C104=Q104,3,IF(C104=R104,4,IF(C104=S104,5,0))))) -> 0 | C104: 6 | D104: =IF(B104=1,T104,IF(B104=2,W104,IF(B104=3,Z104,IF(B104=4,AC104,IF(B104=5,AF104,NA()))))) -> #N/A | E104: =IF(B104=1,U104,IF(B104=2,X104,IF(B104=3,AA104,IF(B104=4,AD104,IF(B104=5,AG104,NA()))))) -> #N/A | F104: =IF(B104=1,V104,IF(B104=2,Y104,IF(B104=3,AB104,IF(B104=4,AE104,IF(B104=5,AH104,NA()))))) -> #N/A | G104: =(K104+L104*N104/M104)/1000/25.4 -> #N/A | H104: =-G104 -> #N/A | J104: =IF(B104<1,0,IF(MAX(D104:F104)>G104,MAX(D104:F104)-G104,IF(MIN(D104:F104)<H104,ABS(MIN(D104:F104)-H104),0))) -> 0 | K104: =K103 -> #N/A | L104: =L103 -> 0 | M104: =M103 -> 1 | N104: =C104*25.4 -> 152.4 | O104: =O103 -> 0 | P104: =P103 -> 0 | Q104: =Q103 -> 0 | R104: =R103 -> 0 | S104: =S103 -> 0 | T104: =T103 -> 0 | U104: =U103 -> 0 | V104: =V103 -> 0 | ... AH104: =AH103 -> 0 | AK104: =IF(AL104=AX104,1,IF(AL104=AY104,2,IF(AL104=AZ104,3,IF(AL104=BA104,4,IF(AL104=BB104,5,0))))) -> 0 | AL104: 6 | AM104: =IF(AK104=1,BC104,IF(AK104=2,BF104,IF(AK104=3,BI104,IF(AK104=4,BL104,IF(AK104=5,BO104,NA()))))) -> #N/A | AN104: =IF(AK104=1,BD104,IF(AK104=2,BG104,IF(AK104=3,BJ104,IF(AK104=4,BM104,IF(AK104=5,BP104,NA()))))) -> #N/A | AO104: =IF(AK104=1,BE104,IF(AK104=2,BH104,IF(AK104=3,BK104,IF(AK104=4,BN104,IF(AK104=5,BQ104,NA()))))) -> #N/A | AP104: =(AT104+AU104*AW104/AV104)/1000/25.4 -> #N/A | AQ104: =-AP104 -> #N/A | AS104: =IF(AK104<1,0,IF(MAX(AM104:AO104)>AP104,MAX(AM104:AO104)-AP104,IF(MIN(AM104:AO104)<AQ104,ABS(MIN(AM104:AO104)-AQ104),0))) -> 0 | AT104: =AT103 -> #N/A | AU104: =AU103 -> 0 | AV104: =AV103 -> 1 | AW104: =AL104*25.4 -> 152.4 | AX104: =AX103 -> 0 | AY104: =AY103 -> 0 | AZ104: =AZ103 -> 0 | BA104: =BA103 -> 0 | BB104: =BB103 -> 0 | BC104: =BC103 -> 0 | BD104: =BD103 -> 0 | BE104: =BE103 -> 0 | ... BQ104: =BQ103 -> 0 | BT104: =IF(BU104=CG104,1,IF(BU104=CH104,2,IF(BU104=CI104,3,IF(BU104=CJ104,4,IF(BU104=CK104,5,0))))) -> 0 | BU104: 6 | BV104: =IF(BT104=1,CL104,IF(BT104=2,CO104,IF(BT104=3,CR104,IF(BT104=4,CU104,IF(BT104=5,CX104,NA()))))) -> #N/A | BW104: =IF(BT104=1,CM104,IF(BT104=2,CP104,IF(BT104=3,CS104,IF(BT104=4,CV104,IF(BT104=5,CY104,NA()))))) -> #N/A | BX104: =IF(BT104=1,CN104,IF(BT104=2,CQ104,IF(BT104=3,CT104,IF(BT104=4,CW104,IF(BT104=5,CZ104,NA()))))) -> #N/A | BY104: =(CC104+CD104*CF104/CE104)/1000/25.4 -> #N/A | BZ104: =-BY104 -> #N/A | CB104: =IF(BT104<1,0,IF(MAX(BV104:BX104)>BY104,MAX(BV104:BX104)-BY104,IF(MIN(BV104:BX104)<BZ104,ABS(MIN(BV104:BX104)-BZ104),0))) -> 0 | CC104: =CC103 -> #N/A | CD104: =CD103 -> 0 | CE104: =CE103 -> 1 | CF104: =BU104*25.4 -> 152.4 | CG104: =CG103 -> 0 | CH104: =CH103 -> 0 | CI104: =CI103 -> 0 | CJ104: =CJ103 -> 0 | CK104: =CK103 -> 0 | CL104: =CL103 -> 0 | CM104: =CM103 -> 0 | CN104: =CN103 -> 0 | ... CZ104: =CZ103 -> 0 | DC104: =IF(DD104=DP104,1,IF(DD104=DQ104,2,IF(DD104=DR104,3,IF(DD104=DS104,4,IF(DD104=DT104,5,0))))) -> 0 | DD104: 6 | DE104: =IF(DC104=1,DU104,IF(DC104=2,DX104,IF(DC104=3,EA104,IF(DC104=4,ED104,IF(DC104=5,EG104,NA()))))) -> #N/A | DF104: =IF(DC104=1,DV104,IF(DC104=2,DY104,IF(DC104=3,EB104,IF(DC104=4,EE104,IF(DC104=5,EH104,NA()))))) -> #N/A | DG104: =IF(DC104=1,DW104,IF(DC104=2,DZ104,IF(DC104=3,EC104,IF(DC104=4,EF104,IF(DC104=5,EI104,NA()))))) -> #N/A | DH104: =(DL104+DM104*DO104/DN104)/1000/25.4 -> #N/A | DI104: =-DH104 -> #N/A | DK104: =IF(DC104<1,0,IF(MAX(DE104:DG104)>DH104,MAX(DE104:DG104)-DH104,IF(MIN(DE104:DG104)<DI104,ABS(MIN(DE104:DG104)-DI104),0))) -> 0 | DL104: =DL103 -> #N/A | DM104: =DM103 -> 0 | DN104: =DN103 -> 1 | DO104: =DD104*25.4 -> 152.4 | DP104: =DP103 -> 0 | DQ104: =DQ103 -> 0 | DR104: =DR103 -> 0 | DS104: =DS103 -> 0 | DT104: =DT103 -> 0 | DU104: =DU103 -> 0 | DV104: =DV103 -> 0 | DW104: =DW103 -> 0 | ... EI104: =EI103 -> 0 | EL104: =IF(EM104=EY104,1,IF(EM104=EZ104,2,IF(EM104=FA104,3,IF(EM104=FB104,4,IF(EM104=FC104,5,0))))) -> 0 | EM104: 6 | EN104: =IF(EL104=1,FD104,IF(EL104=2,FG104,IF(EL104=3,FJ104,IF(EL104=4,FM104,IF(EL104=5,FP104,NA()))))) -> #N/A | EO104: =IF(EL104=1,FE104,IF(EL104=2,FH104,IF(EL104=3,FK104,IF(EL104=4,FN104,IF(EL104=5,FQ104,NA()))))) -> #N/A | EP104: =IF(EL104=1,FF104,IF(EL104=2,FI104,IF(EL104=3,FL104,IF(EL104=4,FO104,IF(EL104=5,FR104,NA()))))) -> #N/A | EQ104: =(EU104+EV104*EX104/EW104)/1000/25.4 -> #N/A | ER104: =-EQ104 -> #N/A | ET104: =IF(EL104<1,0,IF(MAX(EN104:EP104)>EQ104,MAX(EN104:EP104)-EQ104,IF(MIN(EN104:EP104)<ER104,ABS(MIN(EN104:EP104)-ER104),0))) -> 0 | EU104: =EU103 -> #N/A | EV104: =EV103 -> 0 | EW104: =EW103 -> 1 | EX104: =EM104*25.4 -> 152.4 | EY104: =EY103 -> 0 | EZ104: =EZ103 -> 0 | FA104: =FA103 -> 0 | FB104: =FB103 -> 0 | FC104: =FC103 -> 0 | FD104: =FD103 -> 0 | FE104: =FE103 -> 0 | FF104: =FF103 -> 0 | ... FR104: =FR103 -> 0 | FU104: =IF(FV104=GH104,1,IF(FV104=GI104,2,IF(FV104=GJ104,3,IF(FV104=GK104,4,IF(FV104=GL104,5,0))))) -> 0 | FV104: 6 | FW104: =IF(FU104=1,GM104,IF(FU104=2,GP104,IF(FU104=3,GS104,IF(FU104=4,GV104,IF(FU104=5,GY104,NA()))))) -> #N/A | FX104: =IF(FU104=1,GN104,IF(FU104=2,GQ104,IF(FU104=3,GT104,IF(FU104=4,GW104,IF(FU104=5,GZ104,NA()))))) -> #N/A | FY104: =IF(FU104=1,GO104,IF(FU104=2,GR104,IF(FU104=3,GU104,IF(FU104=4,GX104,IF(FU104=5,HA104,NA()))))) -> #N/A | FZ104: =(GD104+GE104*GG104/GF104)/1000/25.4 -> #N/A | GA104: =-FZ104 -> #N/A | GC104: =IF(FU104<1,0,IF(MAX(FW104:FY104)>FZ104,MAX(FW104:FY104)-FZ104,IF(MIN(FW104:FY104)<GA104,ABS(MIN(FW104:FY104)-GA104),0))) -> 0 | GD104: =GD103 -> #N/A | GE104: =GE103 -> 0 | GF104: =GF103 -> 1 | GG104: =FV104*25.4 -> 152.4 | GH104: =GH103 -> 0 | GI104: =GI103 -> 0 | GJ104: =GJ103 -> 0 | GK104: =GK103 -> 0 | GL104: =GL103 -> 0 | GM104: =GM103 -> 0 | GN104: =GN103 -> 0 | GO104: =GO103 -> 0 | ... HA104: =HA103 -> 0 | HD104: =IF(HE104=HQ104,1,IF(HE104=HR104,2,IF(HE104=HS104,3,IF(HE104=HT104,4,IF(HE104=HU104,5,0))))) -> 0 | HE104: 6 | HF104: =IF(HD104=1,HV104,IF(HD104=2,HY104,IF(HD104=3,IB104,IF(HD104=4,IE104,IF(HD104=5,IH104,NA()))))) -> #N/A | HG104: =IF(HD104=1,HW104,IF(HD104=2,HZ104,IF(HD104=3,IC104,IF(HD104=4,IF104,IF(HD104=5,II104,NA()))))) -> #N/A | HH104: =IF(HD104=1,HX104,IF(HD104=2,IA104,IF(HD104=3,ID104,IF(HD104=4,IG104,IF(HD104=5,IJ104,NA()))))) -> #N/A | HI104: =(HM104+HN104*HP104/HO104)/1000/25.4 -> #N/A | HJ104: =-HI104 -> #N/A | HL104: =IF(HD104<1,0,IF(MAX(HF104:HH104)>HI104,MAX(HF104:HH104)-HI104,IF(MIN(HF104:HH104)<HJ104,ABS(MIN(HF104:HH104)-HJ104),0))) -> 0 | HM104: =HM103 -> #N/A | HN104: =HN103 -> 0 | HO104: =HO103 -> 1 | HP104: =HE104*25.4 -> 152.4 | HQ104: =HQ103 -> 0 | HR104: =HR103 -> 0 | HS104: =HS103 -> 0 | HT104: =HT103 -> 0 | HU104: =HU103 -> 0 | HV104: =HV103 -> 0 | HW104: =HW103 -> 0 | HX104: =HX103 -> 0 | ... IJ104: =IJ103 -> 0
B105: =IF(C105=O105,1,IF(C105=P105,2,IF(C105=Q105,3,IF(C105=R105,4,IF(C105=S105,5,0))))) -> 0 | C105: 7 | D105: =IF(B105=1,T105,IF(B105=2,W105,IF(B105=3,Z105,IF(B105=4,AC105,IF(B105=5,AF105,NA()))))) -> #N/A | E105: =IF(B105=1,U105,IF(B105=2,X105,IF(B105=3,AA105,IF(B105=4,AD105,IF(B105=5,AG105,NA()))))) -> #N/A | F105: =IF(B105=1,V105,IF(B105=2,Y105,IF(B105=3,AB105,IF(B105=4,AE105,IF(B105=5,AH105,NA()))))) -> #N/A | G105: =(K105+L105*N105/M105)/1000/25.4 -> #N/A | H105: =-G105 -> #N/A | J105: =IF(B105<1,0,IF(MAX(D105:F105)>G105,MAX(D105:F105)-G105,IF(MIN(D105:F105)<H105,ABS(MIN(D105:F105)-H105),0))) -> 0 | K105: =K104 -> #N/A | L105: =L104 -> 0 | M105: =M104 -> 1 | N105: =C105*25.4 -> 177.8 | O105: =O104 -> 0 | P105: =P104 -> 0 | Q105: =Q104 -> 0 | R105: =R104 -> 0 | S105: =S104 -> 0 | T105: =T104 -> 0 | U105: =U104 -> 0 | V105: =V104 -> 0 | ... AH105: =AH104 -> 0 | AK105: =IF(AL105=AX105,1,IF(AL105=AY105,2,IF(AL105=AZ105,3,IF(AL105=BA105,4,IF(AL105=BB105,5,0))))) -> 0 | AL105: 7 | AM105: =IF(AK105=1,BC105,IF(AK105=2,BF105,IF(AK105=3,BI105,IF(AK105=4,BL105,IF(AK105=5,BO105,NA()))))) -> #N/A | AN105: =IF(AK105=1,BD105,IF(AK105=2,BG105,IF(AK105=3,BJ105,IF(AK105=4,BM105,IF(AK105=5,BP105,NA()))))) -> #N/A | AO105: =IF(AK105=1,BE105,IF(AK105=2,BH105,IF(AK105=3,BK105,IF(AK105=4,BN105,IF(AK105=5,BQ105,NA()))))) -> #N/A | AP105: =(AT105+AU105*AW105/AV105)/1000/25.4 -> #N/A | AQ105: =-AP105 -> #N/A | AS105: =IF(AK105<1,0,IF(MAX(AM105:AO105)>AP105,MAX(AM105:AO105)-AP105,IF(MIN(AM105:AO105)<AQ105,ABS(MIN(AM105:AO105)-AQ105),0))) -> 0 | AT105: =AT104 -> #N/A | AU105: =AU104 -> 0 | AV105: =AV104 -> 1 | AW105: =AL105*25.4 -> 177.8 | AX105: =AX104 -> 0 | AY105: =AY104 -> 0 | AZ105: =AZ104 -> 0 | BA105: =BA104 -> 0 | BB105: =BB104 -> 0 | BC105: =BC104 -> 0 | BD105: =BD104 -> 0 | BE105: =BE104 -> 0 | ... BQ105: =BQ104 -> 0 | BT105: =IF(BU105=CG105,1,IF(BU105=CH105,2,IF(BU105=CI105,3,IF(BU105=CJ105,4,IF(BU105=CK105,5,0))))) -> 0 | BU105: 7 | BV105: =IF(BT105=1,CL105,IF(BT105=2,CO105,IF(BT105=3,CR105,IF(BT105=4,CU105,IF(BT105=5,CX105,NA()))))) -> #N/A | BW105: =IF(BT105=1,CM105,IF(BT105=2,CP105,IF(BT105=3,CS105,IF(BT105=4,CV105,IF(BT105=5,CY105,NA()))))) -> #N/A | BX105: =IF(BT105=1,CN105,IF(BT105=2,CQ105,IF(BT105=3,CT105,IF(BT105=4,CW105,IF(BT105=5,CZ105,NA()))))) -> #N/A | BY105: =(CC105+CD105*CF105/CE105)/1000/25.4 -> #N/A | BZ105: =-BY105 -> #N/A | CB105: =IF(BT105<1,0,IF(MAX(BV105:BX105)>BY105,MAX(BV105:BX105)-BY105,IF(MIN(BV105:BX105)<BZ105,ABS(MIN(BV105:BX105)-BZ105),0))) -> 0 | CC105: =CC104 -> #N/A | CD105: =CD104 -> 0 | CE105: =CE104 -> 1 | CF105: =BU105*25.4 -> 177.8 | CG105: =CG104 -> 0 | CH105: =CH104 -> 0 | CI105: =CI104 -> 0 | CJ105: =CJ104 -> 0 | CK105: =CK104 -> 0 | CL105: =CL104 -> 0 | CM105: =CM104 -> 0 | CN105: =CN104 -> 0 | ... CZ105: =CZ104 -> 0 | DC105: =IF(DD105=DP105,1,IF(DD105=DQ105,2,IF(DD105=DR105,3,IF(DD105=DS105,4,IF(DD105=DT105,5,0))))) -> 0 | DD105: 7 | DE105: =IF(DC105=1,DU105,IF(DC105=2,DX105,IF(DC105=3,EA105,IF(DC105=4,ED105,IF(DC105=5,EG105,NA()))))) -> #N/A | DF105: =IF(DC105=1,DV105,IF(DC105=2,DY105,IF(DC105=3,EB105,IF(DC105=4,EE105,IF(DC105=5,EH105,NA()))))) -> #N/A | DG105: =IF(DC105=1,DW105,IF(DC105=2,DZ105,IF(DC105=3,EC105,IF(DC105=4,EF105,IF(DC105=5,EI105,NA()))))) -> #N/A | DH105: =(DL105+DM105*DO105/DN105)/1000/25.4 -> #N/A | DI105: =-DH105 -> #N/A | DK105: =IF(DC105<1,0,IF(MAX(DE105:DG105)>DH105,MAX(DE105:DG105)-DH105,IF(MIN(DE105:DG105)<DI105,ABS(MIN(DE105:DG105)-DI105),0))) -> 0 | DL105: =DL104 -> #N/A | DM105: =DM104 -> 0 | DN105: =DN104 -> 1 | DO105: =DD105*25.4 -> 177.8 | DP105: =DP104 -> 0 | DQ105: =DQ104 -> 0 | DR105: =DR104 -> 0 | DS105: =DS104 -> 0 | DT105: =DT104 -> 0 | DU105: =DU104 -> 0 | DV105: =DV104 -> 0 | DW105: =DW104 -> 0 | ... EI105: =EI104 -> 0 | EL105: =IF(EM105=EY105,1,IF(EM105=EZ105,2,IF(EM105=FA105,3,IF(EM105=FB105,4,IF(EM105=FC105,5,0))))) -> 0 | EM105: 7 | EN105: =IF(EL105=1,FD105,IF(EL105=2,FG105,IF(EL105=3,FJ105,IF(EL105=4,FM105,IF(EL105=5,FP105,NA()))))) -> #N/A | EO105: =IF(EL105=1,FE105,IF(EL105=2,FH105,IF(EL105=3,FK105,IF(EL105=4,FN105,IF(EL105=5,FQ105,NA()))))) -> #N/A | EP105: =IF(EL105=1,FF105,IF(EL105=2,FI105,IF(EL105=3,FL105,IF(EL105=4,FO105,IF(EL105=5,FR105,NA()))))) -> #N/A | EQ105: =(EU105+EV105*EX105/EW105)/1000/25.4 -> #N/A | ER105: =-EQ105 -> #N/A | ET105: =IF(EL105<1,0,IF(MAX(EN105:EP105)>EQ105,MAX(EN105:EP105)-EQ105,IF(MIN(EN105:EP105)<ER105,ABS(MIN(EN105:EP105)-ER105),0))) -> 0 | EU105: =EU104 -> #N/A | EV105: =EV104 -> 0 | EW105: =EW104 -> 1 | EX105: =EM105*25.4 -> 177.8 | EY105: =EY104 -> 0 | EZ105: =EZ104 -> 0 | FA105: =FA104 -> 0 | FB105: =FB104 -> 0 | FC105: =FC104 -> 0 | FD105: =FD104 -> 0 | FE105: =FE104 -> 0 | FF105: =FF104 -> 0 | ... FR105: =FR104 -> 0 | FU105: =IF(FV105=GH105,1,IF(FV105=GI105,2,IF(FV105=GJ105,3,IF(FV105=GK105,4,IF(FV105=GL105,5,0))))) -> 0 | FV105: 7 | FW105: =IF(FU105=1,GM105,IF(FU105=2,GP105,IF(FU105=3,GS105,IF(FU105=4,GV105,IF(FU105=5,GY105,NA()))))) -> #N/A | FX105: =IF(FU105=1,GN105,IF(FU105=2,GQ105,IF(FU105=3,GT105,IF(FU105=4,GW105,IF(FU105=5,GZ105,NA()))))) -> #N/A | FY105: =IF(FU105=1,GO105,IF(FU105=2,GR105,IF(FU105=3,GU105,IF(FU105=4,GX105,IF(FU105=5,HA105,NA()))))) -> #N/A | FZ105: =(GD105+GE105*GG105/GF105)/1000/25.4 -> #N/A | GA105: =-FZ105 -> #N/A | GC105: =IF(FU105<1,0,IF(MAX(FW105:FY105)>FZ105,MAX(FW105:FY105)-FZ105,IF(MIN(FW105:FY105)<GA105,ABS(MIN(FW105:FY105)-GA105),0))) -> 0 | GD105: =GD104 -> #N/A | GE105: =GE104 -> 0 | GF105: =GF104 -> 1 | GG105: =FV105*25.4 -> 177.8 | GH105: =GH104 -> 0 | GI105: =GI104 -> 0 | GJ105: =GJ104 -> 0 | GK105: =GK104 -> 0 | GL105: =GL104 -> 0 | GM105: =GM104 -> 0 | GN105: =GN104 -> 0 | GO105: =GO104 -> 0 | ... HA105: =HA104 -> 0 | HD105: =IF(HE105=HQ105,1,IF(HE105=HR105,2,IF(HE105=HS105,3,IF(HE105=HT105,4,IF(HE105=HU105,5,0))))) -> 0 | HE105: 7 | HF105: =IF(HD105=1,HV105,IF(HD105=2,HY105,IF(HD105=3,IB105,IF(HD105=4,IE105,IF(HD105=5,IH105,NA()))))) -> #N/A | HG105: =IF(HD105=1,HW105,IF(HD105=2,HZ105,IF(HD105=3,IC105,IF(HD105=4,IF105,IF(HD105=5,II105,NA()))))) -> #N/A | HH105: =IF(HD105=1,HX105,IF(HD105=2,IA105,IF(HD105=3,ID105,IF(HD105=4,IG105,IF(HD105=5,IJ105,NA()))))) -> #N/A | HI105: =(HM105+HN105*HP105/HO105)/1000/25.4 -> #N/A | HJ105: =-HI105 -> #N/A | HL105: =IF(HD105<1,0,IF(MAX(HF105:HH105)>HI105,MAX(HF105:HH105)-HI105,IF(MIN(HF105:HH105)<HJ105,ABS(MIN(HF105:HH105)-HJ105),0))) -> 0 | HM105: =HM104 -> #N/A | HN105: =HN104 -> 0 | HO105: =HO104 -> 1 | HP105: =HE105*25.4 -> 177.8 | HQ105: =HQ104 -> 0 | HR105: =HR104 -> 0 | HS105: =HS104 -> 0 | HT105: =HT104 -> 0 | HU105: =HU104 -> 0 | HV105: =HV104 -> 0 | HW105: =HW104 -> 0 | HX105: =HX104 -> 0 | ... IJ105: =IJ104 -> 0
B106: =IF(C106=O106,1,IF(C106=P106,2,IF(C106=Q106,3,IF(C106=R106,4,IF(C106=S106,5,0))))) -> 0 | C106: 8 | D106: =IF(B106=1,T106,IF(B106=2,W106,IF(B106=3,Z106,IF(B106=4,AC106,IF(B106=5,AF106,NA()))))) -> #N/A | E106: =IF(B106=1,U106,IF(B106=2,X106,IF(B106=3,AA106,IF(B106=4,AD106,IF(B106=5,AG106,NA()))))) -> #N/A | F106: =IF(B106=1,V106,IF(B106=2,Y106,IF(B106=3,AB106,IF(B106=4,AE106,IF(B106=5,AH106,NA()))))) -> #N/A | G106: =(K106+L106*N106/M106)/1000/25.4 -> #N/A | H106: =-G106 -> #N/A | J106: =IF(B106<1,0,IF(MAX(D106:F106)>G106,MAX(D106:F106)-G106,IF(MIN(D106:F106)<H106,ABS(MIN(D106:F106)-H106),0))) -> 0 | K106: =K105 -> #N/A | L106: =L105 -> 0 | M106: =M105 -> 1 | N106: =C106*25.4 -> 203.2 | O106: =O105 -> 0 | P106: =P105 -> 0 | Q106: =Q105 -> 0 | R106: =R105 -> 0 | S106: =S105 -> 0 | T106: =T105 -> 0 | U106: =U105 -> 0 | V106: =V105 -> 0 | ... AH106: =AH105 -> 0 | AK106: =IF(AL106=AX106,1,IF(AL106=AY106,2,IF(AL106=AZ106,3,IF(AL106=BA106,4,IF(AL106=BB106,5,0))))) -> 0 | AL106: 8 | AM106: =IF(AK106=1,BC106,IF(AK106=2,BF106,IF(AK106=3,BI106,IF(AK106=4,BL106,IF(AK106=5,BO106,NA()))))) -> #N/A | AN106: =IF(AK106=1,BD106,IF(AK106=2,BG106,IF(AK106=3,BJ106,IF(AK106=4,BM106,IF(AK106=5,BP106,NA()))))) -> #N/A | AO106: =IF(AK106=1,BE106,IF(AK106=2,BH106,IF(AK106=3,BK106,IF(AK106=4,BN106,IF(AK106=5,BQ106,NA()))))) -> #N/A | AP106: =(AT106+AU106*AW106/AV106)/1000/25.4 -> #N/A | AQ106: =-AP106 -> #N/A | AS106: =IF(AK106<1,0,IF(MAX(AM106:AO106)>AP106,MAX(AM106:AO106)-AP106,IF(MIN(AM106:AO106)<AQ106,ABS(MIN(AM106:AO106)-AQ106),0))) -> 0 | AT106: =AT105 -> #N/A | AU106: =AU105 -> 0 | AV106: =AV105 -> 1 | AW106: =AL106*25.4 -> 203.2 | AX106: =AX105 -> 0 | AY106: =AY105 -> 0 | AZ106: =AZ105 -> 0 | BA106: =BA105 -> 0 | BB106: =BB105 -> 0 | BC106: =BC105 -> 0 | BD106: =BD105 -> 0 | BE106: =BE105 -> 0 | ... BQ106: =BQ105 -> 0 | BT106: =IF(BU106=CG106,1,IF(BU106=CH106,2,IF(BU106=CI106,3,IF(BU106=CJ106,4,IF(BU106=CK106,5,0))))) -> 0 | BU106: 8 | BV106: =IF(BT106=1,CL106,IF(BT106=2,CO106,IF(BT106=3,CR106,IF(BT106=4,CU106,IF(BT106=5,CX106,NA()))))) -> #N/A | BW106: =IF(BT106=1,CM106,IF(BT106=2,CP106,IF(BT106=3,CS106,IF(BT106=4,CV106,IF(BT106=5,CY106,NA()))))) -> #N/A | BX106: =IF(BT106=1,CN106,IF(BT106=2,CQ106,IF(BT106=3,CT106,IF(BT106=4,CW106,IF(BT106=5,CZ106,NA()))))) -> #N/A | BY106: =(CC106+CD106*CF106/CE106)/1000/25.4 -> #N/A | BZ106: =-BY106 -> #N/A | CB106: =IF(BT106<1,0,IF(MAX(BV106:BX106)>BY106,MAX(BV106:BX106)-BY106,IF(MIN(BV106:BX106)<BZ106,ABS(MIN(BV106:BX106)-BZ106),0))) -> 0 | CC106: =CC105 -> #N/A | CD106: =CD105 -> 0 | CE106: =CE105 -> 1 | CF106: =BU106*25.4 -> 203.2 | CG106: =CG105 -> 0 | CH106: =CH105 -> 0 | CI106: =CI105 -> 0 | CJ106: =CJ105 -> 0 | CK106: =CK105 -> 0 | CL106: =CL105 -> 0 | CM106: =CM105 -> 0 | CN106: =CN105 -> 0 | ... CZ106: =CZ105 -> 0 | DC106: =IF(DD106=DP106,1,IF(DD106=DQ106,2,IF(DD106=DR106,3,IF(DD106=DS106,4,IF(DD106=DT106,5,0))))) -> 0 | DD106: 8 | DE106: =IF(DC106=1,DU106,IF(DC106=2,DX106,IF(DC106=3,EA106,IF(DC106=4,ED106,IF(DC106=5,EG106,NA()))))) -> #N/A | DF106: =IF(DC106=1,DV106,IF(DC106=2,DY106,IF(DC106=3,EB106,IF(DC106=4,EE106,IF(DC106=5,EH106,NA()))))) -> #N/A | DG106: =IF(DC106=1,DW106,IF(DC106=2,DZ106,IF(DC106=3,EC106,IF(DC106=4,EF106,IF(DC106=5,EI106,NA()))))) -> #N/A | DH106: =(DL106+DM106*DO106/DN106)/1000/25.4 -> #N/A | DI106: =-DH106 -> #N/A | DK106: =IF(DC106<1,0,IF(MAX(DE106:DG106)>DH106,MAX(DE106:DG106)-DH106,IF(MIN(DE106:DG106)<DI106,ABS(MIN(DE106:DG106)-DI106),0))) -> 0 | DL106: =DL105 -> #N/A | DM106: =DM105 -> 0 | DN106: =DN105 -> 1 | DO106: =DD106*25.4 -> 203.2 | DP106: =DP105 -> 0 | DQ106: =DQ105 -> 0 | DR106: =DR105 -> 0 | DS106: =DS105 -> 0 | DT106: =DT105 -> 0 | DU106: =DU105 -> 0 | DV106: =DV105 -> 0 | DW106: =DW105 -> 0 | ... EI106: =EI105 -> 0 | EL106: =IF(EM106=EY106,1,IF(EM106=EZ106,2,IF(EM106=FA106,3,IF(EM106=FB106,4,IF(EM106=FC106,5,0))))) -> 0 | EM106: 8 | EN106: =IF(EL106=1,FD106,IF(EL106=2,FG106,IF(EL106=3,FJ106,IF(EL106=4,FM106,IF(EL106=5,FP106,NA()))))) -> #N/A | EO106: =IF(EL106=1,FE106,IF(EL106=2,FH106,IF(EL106=3,FK106,IF(EL106=4,FN106,IF(EL106=5,FQ106,NA()))))) -> #N/A | EP106: =IF(EL106=1,FF106,IF(EL106=2,FI106,IF(EL106=3,FL106,IF(EL106=4,FO106,IF(EL106=5,FR106,NA()))))) -> #N/A | EQ106: =(EU106+EV106*EX106/EW106)/1000/25.4 -> #N/A | ER106: =-EQ106 -> #N/A | ET106: =IF(EL106<1,0,IF(MAX(EN106:EP106)>EQ106,MAX(EN106:EP106)-EQ106,IF(MIN(EN106:EP106)<ER106,ABS(MIN(EN106:EP106)-ER106),0))) -> 0 | EU106: =EU105 -> #N/A | EV106: =EV105 -> 0 | EW106: =EW105 -> 1 | EX106: =EM106*25.4 -> 203.2 | EY106: =EY105 -> 0 | EZ106: =EZ105 -> 0 | FA106: =FA105 -> 0 | FB106: =FB105 -> 0 | FC106: =FC105 -> 0 | FD106: =FD105 -> 0 | FE106: =FE105 -> 0 | FF106: =FF105 -> 0 | ... FR106: =FR105 -> 0 | FU106: =IF(FV106=GH106,1,IF(FV106=GI106,2,IF(FV106=GJ106,3,IF(FV106=GK106,4,IF(FV106=GL106,5,0))))) -> 0 | FV106: 8 | FW106: =IF(FU106=1,GM106,IF(FU106=2,GP106,IF(FU106=3,GS106,IF(FU106=4,GV106,IF(FU106=5,GY106,NA()))))) -> #N/A | FX106: =IF(FU106=1,GN106,IF(FU106=2,GQ106,IF(FU106=3,GT106,IF(FU106=4,GW106,IF(FU106=5,GZ106,NA()))))) -> #N/A | FY106: =IF(FU106=1,GO106,IF(FU106=2,GR106,IF(FU106=3,GU106,IF(FU106=4,GX106,IF(FU106=5,HA106,NA()))))) -> #N/A | FZ106: =(GD106+GE106*GG106/GF106)/1000/25.4 -> #N/A | GA106: =-FZ106 -> #N/A | GC106: =IF(FU106<1,0,IF(MAX(FW106:FY106)>FZ106,MAX(FW106:FY106)-FZ106,IF(MIN(FW106:FY106)<GA106,ABS(MIN(FW106:FY106)-GA106),0))) -> 0 | GD106: =GD105 -> #N/A | GE106: =GE105 -> 0 | GF106: =GF105 -> 1 | GG106: =FV106*25.4 -> 203.2 | GH106: =GH105 -> 0 | GI106: =GI105 -> 0 | GJ106: =GJ105 -> 0 | GK106: =GK105 -> 0 | GL106: =GL105 -> 0 | GM106: =GM105 -> 0 | GN106: =GN105 -> 0 | GO106: =GO105 -> 0 | ... HA106: =HA105 -> 0 | HD106: =IF(HE106=HQ106,1,IF(HE106=HR106,2,IF(HE106=HS106,3,IF(HE106=HT106,4,IF(HE106=HU106,5,0))))) -> 0 | HE106: 8 | HF106: =IF(HD106=1,HV106,IF(HD106=2,HY106,IF(HD106=3,IB106,IF(HD106=4,IE106,IF(HD106=5,IH106,NA()))))) -> #N/A | HG106: =IF(HD106=1,HW106,IF(HD106=2,HZ106,IF(HD106=3,IC106,IF(HD106=4,IF106,IF(HD106=5,II106,NA()))))) -> #N/A | HH106: =IF(HD106=1,HX106,IF(HD106=2,IA106,IF(HD106=3,ID106,IF(HD106=4,IG106,IF(HD106=5,IJ106,NA()))))) -> #N/A | HI106: =(HM106+HN106*HP106/HO106)/1000/25.4 -> #N/A | HJ106: =-HI106 -> #N/A | HL106: =IF(HD106<1,0,IF(MAX(HF106:HH106)>HI106,MAX(HF106:HH106)-HI106,IF(MIN(HF106:HH106)<HJ106,ABS(MIN(HF106:HH106)-HJ106),0))) -> 0 | HM106: =HM105 -> #N/A | HN106: =HN105 -> 0 | HO106: =HO105 -> 1 | HP106: =HE106*25.4 -> 203.2 | HQ106: =HQ105 -> 0 | HR106: =HR105 -> 0 | HS106: =HS105 -> 0 | HT106: =HT105 -> 0 | HU106: =HU105 -> 0 | HV106: =HV105 -> 0 | HW106: =HW105 -> 0 | HX106: =HX105 -> 0 | ... IJ106: =IJ105 -> 0
B107: =IF(C107=O107,1,IF(C107=P107,2,IF(C107=Q107,3,IF(C107=R107,4,IF(C107=S107,5,0))))) -> 0 | C107: 9 | D107: =IF(B107=1,T107,IF(B107=2,W107,IF(B107=3,Z107,IF(B107=4,AC107,IF(B107=5,AF107,NA()))))) -> #N/A | E107: =IF(B107=1,U107,IF(B107=2,X107,IF(B107=3,AA107,IF(B107=4,AD107,IF(B107=5,AG107,NA()))))) -> #N/A | F107: =IF(B107=1,V107,IF(B107=2,Y107,IF(B107=3,AB107,IF(B107=4,AE107,IF(B107=5,AH107,NA()))))) -> #N/A | G107: =(K107+L107*N107/M107)/1000/25.4 -> #N/A | H107: =-G107 -> #N/A | J107: =IF(B107<1,0,IF(MAX(D107:F107)>G107,MAX(D107:F107)-G107,IF(MIN(D107:F107)<H107,ABS(MIN(D107:F107)-H107),0))) -> 0 | K107: =K106 -> #N/A | L107: =L106 -> 0 | M107: =M106 -> 1 | N107: =C107*25.4 -> 228.6 | O107: =O106 -> 0 | P107: =P106 -> 0 | Q107: =Q106 -> 0 | R107: =R106 -> 0 | S107: =S106 -> 0 | T107: =T106 -> 0 | U107: =U106 -> 0 | V107: =V106 -> 0 | ... AH107: =AH106 -> 0 | AK107: =IF(AL107=AX107,1,IF(AL107=AY107,2,IF(AL107=AZ107,3,IF(AL107=BA107,4,IF(AL107=BB107,5,0))))) -> 0 | AL107: 9 | AM107: =IF(AK107=1,BC107,IF(AK107=2,BF107,IF(AK107=3,BI107,IF(AK107=4,BL107,IF(AK107=5,BO107,NA()))))) -> #N/A | AN107: =IF(AK107=1,BD107,IF(AK107=2,BG107,IF(AK107=3,BJ107,IF(AK107=4,BM107,IF(AK107=5,BP107,NA()))))) -> #N/A | AO107: =IF(AK107=1,BE107,IF(AK107=2,BH107,IF(AK107=3,BK107,IF(AK107=4,BN107,IF(AK107=5,BQ107,NA()))))) -> #N/A | AP107: =(AT107+AU107*AW107/AV107)/1000/25.4 -> #N/A | AQ107: =-AP107 -> #N/A | AS107: =IF(AK107<1,0,IF(MAX(AM107:AO107)>AP107,MAX(AM107:AO107)-AP107,IF(MIN(AM107:AO107)<AQ107,ABS(MIN(AM107:AO107)-AQ107),0))) -> 0 | AT107: =AT106 -> #N/A | AU107: =AU106 -> 0 | AV107: =AV106 -> 1 | AW107: =AL107*25.4 -> 228.6 | AX107: =AX106 -> 0 | AY107: =AY106 -> 0 | AZ107: =AZ106 -> 0 | BA107: =BA106 -> 0 | BB107: =BB106 -> 0 | BC107: =BC106 -> 0 | BD107: =BD106 -> 0 | BE107: =BE106 -> 0 | ... BQ107: =BQ106 -> 0 | BT107: =IF(BU107=CG107,1,IF(BU107=CH107,2,IF(BU107=CI107,3,IF(BU107=CJ107,4,IF(BU107=CK107,5,0))))) -> 0 | BU107: 9 | BV107: =IF(BT107=1,CL107,IF(BT107=2,CO107,IF(BT107=3,CR107,IF(BT107=4,CU107,IF(BT107=5,CX107,NA()))))) -> #N/A | BW107: =IF(BT107=1,CM107,IF(BT107=2,CP107,IF(BT107=3,CS107,IF(BT107=4,CV107,IF(BT107=5,CY107,NA()))))) -> #N/A | BX107: =IF(BT107=1,CN107,IF(BT107=2,CQ107,IF(BT107=3,CT107,IF(BT107=4,CW107,IF(BT107=5,CZ107,NA()))))) -> #N/A | BY107: =(CC107+CD107*CF107/CE107)/1000/25.4 -> #N/A | BZ107: =-BY107 -> #N/A | CB107: =IF(BT107<1,0,IF(MAX(BV107:BX107)>BY107,MAX(BV107:BX107)-BY107,IF(MIN(BV107:BX107)<BZ107,ABS(MIN(BV107:BX107)-BZ107),0))) -> 0 | CC107: =CC106 -> #N/A | CD107: =CD106 -> 0 | CE107: =CE106 -> 1 | CF107: =BU107*25.4 -> 228.6 | CG107: =CG106 -> 0 | CH107: =CH106 -> 0 | CI107: =CI106 -> 0 | CJ107: =CJ106 -> 0 | CK107: =CK106 -> 0 | CL107: =CL106 -> 0 | CM107: =CM106 -> 0 | CN107: =CN106 -> 0 | ... CZ107: =CZ106 -> 0 | DC107: =IF(DD107=DP107,1,IF(DD107=DQ107,2,IF(DD107=DR107,3,IF(DD107=DS107,4,IF(DD107=DT107,5,0))))) -> 0 | DD107: 9 | DE107: =IF(DC107=1,DU107,IF(DC107=2,DX107,IF(DC107=3,EA107,IF(DC107=4,ED107,IF(DC107=5,EG107,NA()))))) -> #N/A | DF107: =IF(DC107=1,DV107,IF(DC107=2,DY107,IF(DC107=3,EB107,IF(DC107=4,EE107,IF(DC107=5,EH107,NA()))))) -> #N/A | DG107: =IF(DC107=1,DW107,IF(DC107=2,DZ107,IF(DC107=3,EC107,IF(DC107=4,EF107,IF(DC107=5,EI107,NA()))))) -> #N/A | DH107: =(DL107+DM107*DO107/DN107)/1000/25.4 -> #N/A | DI107: =-DH107 -> #N/A | DK107: =IF(DC107<1,0,IF(MAX(DE107:DG107)>DH107,MAX(DE107:DG107)-DH107,IF(MIN(DE107:DG107)<DI107,ABS(MIN(DE107:DG107)-DI107),0))) -> 0 | DL107: =DL106 -> #N/A | DM107: =DM106 -> 0 | DN107: =DN106 -> 1 | DO107: =DD107*25.4 -> 228.6 | DP107: =DP106 -> 0 | DQ107: =DQ106 -> 0 | DR107: =DR106 -> 0 | DS107: =DS106 -> 0 | DT107: =DT106 -> 0 | DU107: =DU106 -> 0 | DV107: =DV106 -> 0 | DW107: =DW106 -> 0 | ... EI107: =EI106 -> 0 | EL107: =IF(EM107=EY107,1,IF(EM107=EZ107,2,IF(EM107=FA107,3,IF(EM107=FB107,4,IF(EM107=FC107,5,0))))) -> 0 | EM107: 9 | EN107: =IF(EL107=1,FD107,IF(EL107=2,FG107,IF(EL107=3,FJ107,IF(EL107=4,FM107,IF(EL107=5,FP107,NA()))))) -> #N/A | EO107: =IF(EL107=1,FE107,IF(EL107=2,FH107,IF(EL107=3,FK107,IF(EL107=4,FN107,IF(EL107=5,FQ107,NA()))))) -> #N/A | EP107: =IF(EL107=1,FF107,IF(EL107=2,FI107,IF(EL107=3,FL107,IF(EL107=4,FO107,IF(EL107=5,FR107,NA()))))) -> #N/A | EQ107: =(EU107+EV107*EX107/EW107)/1000/25.4 -> #N/A | ER107: =-EQ107 -> #N/A | ET107: =IF(EL107<1,0,IF(MAX(EN107:EP107)>EQ107,MAX(EN107:EP107)-EQ107,IF(MIN(EN107:EP107)<ER107,ABS(MIN(EN107:EP107)-ER107),0))) -> 0 | EU107: =EU106 -> #N/A | EV107: =EV106 -> 0 | EW107: =EW106 -> 1 | EX107: =EM107*25.4 -> 228.6 | EY107: =EY106 -> 0 | EZ107: =EZ106 -> 0 | FA107: =FA106 -> 0 | FB107: =FB106 -> 0 | FC107: =FC106 -> 0 | FD107: =FD106 -> 0 | FE107: =FE106 -> 0 | FF107: =FF106 -> 0 | ... FR107: =FR106 -> 0 | FU107: =IF(FV107=GH107,1,IF(FV107=GI107,2,IF(FV107=GJ107,3,IF(FV107=GK107,4,IF(FV107=GL107,5,0))))) -> 0 | FV107: 9 | FW107: =IF(FU107=1,GM107,IF(FU107=2,GP107,IF(FU107=3,GS107,IF(FU107=4,GV107,IF(FU107=5,GY107,NA()))))) -> #N/A | FX107: =IF(FU107=1,GN107,IF(FU107=2,GQ107,IF(FU107=3,GT107,IF(FU107=4,GW107,IF(FU107=5,GZ107,NA()))))) -> #N/A | FY107: =IF(FU107=1,GO107,IF(FU107=2,GR107,IF(FU107=3,GU107,IF(FU107=4,GX107,IF(FU107=5,HA107,NA()))))) -> #N/A | FZ107: =(GD107+GE107*GG107/GF107)/1000/25.4 -> #N/A | GA107: =-FZ107 -> #N/A | GC107: =IF(FU107<1,0,IF(MAX(FW107:FY107)>FZ107,MAX(FW107:FY107)-FZ107,IF(MIN(FW107:FY107)<GA107,ABS(MIN(FW107:FY107)-GA107),0))) -> 0 | GD107: =GD106 -> #N/A | GE107: =GE106 -> 0 | GF107: =GF106 -> 1 | GG107: =FV107*25.4 -> 228.6 | GH107: =GH106 -> 0 | GI107: =GI106 -> 0 | GJ107: =GJ106 -> 0 | GK107: =GK106 -> 0 | GL107: =GL106 -> 0 | GM107: =GM106 -> 0 | GN107: =GN106 -> 0 | GO107: =GO106 -> 0 | ... HA107: =HA106 -> 0 | HD107: =IF(HE107=HQ107,1,IF(HE107=HR107,2,IF(HE107=HS107,3,IF(HE107=HT107,4,IF(HE107=HU107,5,0))))) -> 0 | HE107: 9 | HF107: =IF(HD107=1,HV107,IF(HD107=2,HY107,IF(HD107=3,IB107,IF(HD107=4,IE107,IF(HD107=5,IH107,NA()))))) -> #N/A | HG107: =IF(HD107=1,HW107,IF(HD107=2,HZ107,IF(HD107=3,IC107,IF(HD107=4,IF107,IF(HD107=5,II107,NA()))))) -> #N/A | HH107: =IF(HD107=1,HX107,IF(HD107=2,IA107,IF(HD107=3,ID107,IF(HD107=4,IG107,IF(HD107=5,IJ107,NA()))))) -> #N/A | HI107: =(HM107+HN107*HP107/HO107)/1000/25.4 -> #N/A | HJ107: =-HI107 -> #N/A | HL107: =IF(HD107<1,0,IF(MAX(HF107:HH107)>HI107,MAX(HF107:HH107)-HI107,IF(MIN(HF107:HH107)<HJ107,ABS(MIN(HF107:HH107)-HJ107),0))) -> 0 | HM107: =HM106 -> #N/A | HN107: =HN106 -> 0 | HO107: =HO106 -> 1 | HP107: =HE107*25.4 -> 228.6 | HQ107: =HQ106 -> 0 | HR107: =HR106 -> 0 | HS107: =HS106 -> 0 | HT107: =HT106 -> 0 | HU107: =HU106 -> 0 | HV107: =HV106 -> 0 | HW107: =HW106 -> 0 | HX107: =HX106 -> 0 | ... IJ107: =IJ106 -> 0
